"LengthGroup","Year","estimate","lower","upper"
"Length bin <7",1,16.1063712828326,15.7281909498322,16.4845516158329
"Length bin 7-9",1,66.2221959556972,64.7529546024053,67.6914373089891
"Length bin 9-11",1,133.76781109664,130.809495435276,136.726126758005
"Length bin 11-13",1,123.030209718626,120.405341634574,125.655077802678
"Length bin 13-15",1,58.8140533904569,57.6513989626569,59.9767078182569
"Length bin 15-17",1,30.4814621402477,29.8226256413957,31.1402986390997
"Length bin 17-19",1,33.4501904292575,32.5716416474929,34.328739211022
"Length bin 19-21",1,39.2585808984394,38.3330317456073,40.1841300512716
"Length bin 21-23",1,39.5397219130821,38.761975044587,40.3174687815772
"Length bin 23-25",1,35.832443482824,35.1881908499096,36.4766961157384
"Length bin 25-27",1,31.5943642672005,30.9346174131553,32.2541111212458
"Length bin 27-29",1,28.3919834057558,27.7275265232046,29.0564402883071
"Length bin 29-31",1,25.7177185960019,25.1465304958531,26.2889066961508
"Length bin 31-33",1,22.76310203869,22.3164547635624,23.2097493138176
"Length bin 33-35",1,19.4353084863313,19.0631067307776,19.8075102418851
"Length bin 35-37",1,16.120142708151,15.7835365416771,16.4567488746249
"Length bin 37-39",1,13.1612627445297,12.871248055306,13.4512774337534
"Length bin 39-41",1,10.6687908835671,10.4408520430392,10.8967297240951
"Length bin 41-43",1,8.60052240662894,8.42438589534572,8.77665891791217
"Length bin 43-45",1,6.88185042310947,6.73184132239905,7.03185952381989
"Length bin 45-47",1,5.45720509777288,5.31938589914774,5.59502429639803
"Length bin 47-49",1,4.28815924732662,4.1629842409168,4.41333425373645
"Length bin >49",1,13.2900441268864,12.6887316406479,13.8913566131249
"Length bin <7",2,20.1445137770699,19.6470976099757,20.641929944164
"Length bin 7-9",2,82.8354133431563,80.8854522445224,84.7853744417902
"Length bin 9-11",2,167.801277616674,163.861884381953,171.740670851396
"Length bin 11-13",2,156.394289819999,152.887580840669,159.900998799329
"Length bin 13-15",2,80.2447272271437,78.7040686220772,81.7853858322103
"Length bin 15-17",2,50.3845276971075,49.39658857846,51.3724668157549
"Length bin 17-19",2,58.7681710577277,57.4150862635592,60.1212558518963
"Length bin 19-21",2,66.8350213275737,65.3895568499061,68.2804858052414
"Length bin 21-23",2,63.1506354409254,61.9133329388404,64.3879379430104
"Length bin 23-25",2,51.879847919791,50.9634517094692,52.7962441301128
"Length bin 25-27",2,40.7758810810207,40.0714143733138,41.4803477887276
"Length bin 27-29",2,33.724568166746,33.0879446770056,34.3611916564863
"Length bin 29-31",2,29.9279900669429,29.3485966585258,30.50738347536
"Length bin 31-33",2,27.2267068090093,26.7307182412758,27.7226953767428
"Length bin 33-35",2,24.4316456662906,24.0090794563127,24.8542118762686
"Length bin 35-37",2,21.3975359210497,21.0301347230894,21.76493711901
"Length bin 37-39",2,18.3301136028743,18.0151681502033,18.6450590555453
"Length bin 39-41",2,15.3970761345193,15.134771800874,15.6593804681646
"Length bin 41-43",2,12.6855255324876,12.4678269073179,12.9032241576573
"Length bin 43-45",2,10.2511713135376,10.0665541599217,10.4357884671536
"Length bin 45-47",2,8.1353624221593,7.97576477744198,8.29496006687662
"Length bin 47-49",2,6.35545680298744,6.21614001609295,6.49477358988192
"Length bin >49",2,18.8680676823311,18.2293779193509,19.5067574453112
"Length bin <7",3,13.273902931326,12.94074406706,13.6070617955921
"Length bin 7-9",3,54.5777130215787,53.2679965158598,55.8874295272976
"Length bin 9-11",3,111.001893464563,108.353537534021,113.650249395105
"Length bin 11-13",3,105.409962618055,103.051943469724,107.767981766386
"Length bin 13-15",3,59.3121843829588,58.2090243251202,60.4153444407974
"Length bin 15-17",3,45.4755494027422,44.4337163899063,46.5173824155781
"Length bin 17-19",3,56.9804143400958,55.5387986056113,58.4220300745802
"Length bin 19-21",3,66.0880269647393,64.5556285308652,67.6204253986134
"Length bin 21-23",3,64.1268014057989,62.8351850921935,65.4184177194044
"Length bin 23-25",3,54.832859787753,53.842687553394,55.8230320221119
"Length bin 25-27",3,45.0440745982673,44.1327300578562,45.9554191386784
"Length bin 27-29",3,38.1158608086063,37.209572950159,39.0221486670535
"Length bin 29-31",3,33.3616973469774,32.574025983141,34.1493687108138
"Length bin 31-33",3,29.1700729558515,28.5614100589667,29.7787358527363
"Length bin 33-35",3,24.9696271546318,24.486384132677,25.4528701765866
"Length bin 35-37",3,21.0203493140235,20.5952674125373,21.4454312155098
"Length bin 37-39",3,17.6227541526529,17.2478579800357,17.9976503252701
"Length bin 39-41",3,14.8005050980141,14.4883267384551,15.1126834575731
"Length bin 41-43",3,12.4071796800061,12.1528018132359,12.6615575467762
"Length bin 43-45",3,10.3011560828119,10.0851916136589,10.5171205519648
"Length bin 45-47",3,8.41656668211544,8.2237324228767,8.60940094135419
"Length bin 47-49",3,6.74622517983827,6.57099302337342,6.92145733630313
"Length bin >49",3,20.6264551032393,19.793768334255,21.4591418722236
"Length bin <7",4,13.1611425393243,12.840518003678,13.4817670749706
"Length bin 7-9",4,54.1081458148851,52.8541393314342,55.3621522983361
"Length bin 9-11",4,109.504027359428,106.973313138504,112.034741580352
"Length bin 11-13",4,101.630334159736,99.3800541895738,103.880614129898
"Length bin 13-15",4,51.0702759495135,50.0646072935023,52.0759446055246
"Length bin 15-17",4,30.669945740199,29.9708175005548,31.3690739798431
"Length bin 17-19",4,35.9603855605974,35.0077094616398,36.9130616595549
"Length bin 19-21",4,42.6426607743359,41.6359850508658,43.649336497806
"Length bin 21-23",4,43.3928157222383,42.5342097177036,44.251421726773
"Length bin 23-25",4,39.9542494669139,39.2153291022054,40.6931698316224
"Length bin 25-27",4,35.9459325363312,35.1719039172648,36.7199611553975
"Length bin 27-29",4,32.958087633103,32.1772444717648,33.7389307944413
"Length bin 29-31",4,30.3939380163376,29.719623946011,31.0682520866641
"Length bin 31-33",4,27.3768939966836,26.8402394057395,27.9135485876277
"Length bin 33-35",4,23.8266482862703,23.3675068218533,24.2857897506872
"Length bin 35-37",4,20.1866152373568,19.7641010298282,20.6091294448855
"Length bin 37-39",4,16.853686224126,16.484827861749,17.222544586503
"Length bin 39-41",4,13.969646611139,13.6751541633347,14.2641390589433
"Length bin 41-43",4,11.5086729628827,11.2784334453665,11.7389124803989
"Length bin 43-45",4,9.40609912911784,9.20963721535792,9.60256104287776
"Length bin 45-47",4,7.61345745653007,7.43093716702,7.79597774604015
"Length bin 47-49",4,6.09744272642509,5.92677789351875,6.26810755933143
"Length bin >49",4,19.490496734631,18.6959657319839,20.2850277372781
"Length bin <7",5,8.56998121377814,8.35435557477352,8.78560685278275
"Length bin 7-9",5,35.234086568117,34.3867132847221,36.081459851512
"Length bin 9-11",5,71.8232473152147,70.1089967873769,73.5374978430525
"Length bin 11-13",5,68.9191551861632,67.3917914205203,70.446518951806
"Length bin 13-15",5,40.6392035481447,39.9079273326702,41.3704797636191
"Length bin 15-17",5,33.7744171223456,33.0197447055988,34.5290895390925
"Length bin 17-19",5,43.2031587323333,42.156414398432,44.2499030662347
"Length bin 19-21",5,50.1496247494219,49.0309093770547,51.2683401217891
"Length bin 21-23",5,48.7246690250714,47.7626791794709,49.6866588706718
"Length bin 23-25",5,41.9798048123924,41.2267828405943,42.7328267841906
"Length bin 25-27",5,35.2539222807992,34.5771584136878,35.9306861479106
"Length bin 27-29",5,31.1096555332613,30.4400293627484,31.7792817037742
"Length bin 29-31",5,28.8540194360754,28.2421386849058,29.465900187245
"Length bin 31-33",5,26.9567881379038,26.4358507305415,27.477725545266
"Length bin 33-35",5,24.6749949581146,24.2225228708734,25.1274670453557
"Length bin 35-37",5,22.0257567359733,21.6176373075637,22.4338761643829
"Length bin 37-39",5,19.2409734142211,18.8799735621324,19.6019732663099
"Length bin 39-41",5,16.4881578995612,16.181881464093,16.7944343350295
"Length bin 41-43",5,13.86171060987,13.6051176537575,14.1183035659826
"Length bin 43-45",5,11.4327846298986,11.2124644890761,11.6531047707212
"Length bin 45-47",5,9.26154895454286,9.06603153734415,9.45706637174158
"Length bin 47-49",5,7.38432769796246,7.20706215110016,7.56159324482476
"Length bin >49",5,23.2238530828311,22.364309470011,24.0833966956512
"Length bin <7",6,14.1954569354486,13.8494100284214,14.5415038424758
"Length bin 7-9",6,58.3596579065263,57.0020079458372,59.7173078672155
"Length bin 9-11",6,117.850641152684,115.113577392893,120.587704912476
"Length bin 11-13",6,108.247530793447,105.822366644845,110.672694942049
"Length bin 13-15",6,51.3838107522001,50.3256136535487,52.4420078508515
"Length bin 15-17",6,26.1200217710396,25.5383645163519,26.7016790257273
"Length bin 17-19",6,28.6901394892437,27.9117756635939,29.4685033148936
"Length bin 19-21",6,34.3301928215756,33.5012799271302,35.1591057160209
"Length bin 21-23",6,35.7510026551743,35.0361865902815,36.4658187200671
"Length bin 23-25",6,34.029619010531,33.4016025044253,34.6576355166367
"Length bin 25-27",6,31.7761969569027,31.1064608887486,32.4459330250568
"Length bin 27-29",6,30.0773099468483,29.389780978396,30.7648389153005
"Length bin 29-31",6,28.4391023041088,27.8266347138404,29.0515698943773
"Length bin 31-33",6,26.2556532878469,25.7487019620093,26.7626046136845
"Length bin 33-35",6,23.5693441391892,23.1304081077898,24.0082801705887
"Length bin 35-37",6,20.7828465647504,20.3797761185413,21.1859170109595
"Length bin 37-39",6,18.1903964143812,17.8267260625007,18.5540667662617
"Length bin 39-41",6,15.8454527936981,15.5316259552056,16.1592796321907
"Length bin 41-43",6,13.6790506705577,13.4115803679038,13.9465209732117
"Length bin 43-45",6,11.6331581315827,11.3988366244941,11.8674796386714
"Length bin 45-47",6,9.70602440967303,9.49379632423362,9.91825249511243
"Length bin 47-49",6,7.93265324818783,7.73728122786646,8.1280252685092
"Length bin >49",6,25.7223237577407,24.725960817959,26.7186866975224
"Length bin <7",7,19.6119084277241,19.1410039071049,20.0828129483434
"Length bin 7-9",7,80.6444777536196,78.8021885348326,82.4867669724066
"Length bin 9-11",7,162.786130374305,159.072248790518,166.500011958092
"Length bin 11-13",7,149.192808400249,145.899561804303,152.486054996196
"Length bin 13-15",7,69.8386242463059,68.4075875606803,71.2696609319314
"Length bin 15-17",7,33.4771465529165,32.7870281730651,34.1672649327678
"Length bin 17-19",7,34.6477460635145,33.7457523744334,35.5497397525955
"Length bin 19-21",7,39.0512040497687,38.1039435682731,39.9984645312643
"Length bin 21-23",7,36.9090968916488,36.1252779863958,37.6929157969018
"Length bin 23-25",7,30.431786133462,29.8453771466137,31.0181951203102
"Length bin 25-27",7,24.1977213215232,23.6784248981853,24.7170177448612
"Length bin 27-29",7,20.5007975373276,19.9959161707266,21.0056789039286
"Length bin 29-31",7,18.8419027168197,18.3983820298999,19.2854234037394
"Length bin 31-33",7,17.8779753184937,17.50499885102,18.2509517859673
"Length bin 33-35",7,16.8167102931869,16.4714753956331,17.1619451907407
"Length bin 35-37",7,15.4950649622884,15.1628611073222,15.8272688172547
"Length bin 37-39",7,13.9937292182246,13.6959971147706,14.2914613216786
"Length bin 39-41",7,12.4074821098563,12.1578874244661,12.6570767952465
"Length bin 41-43",7,10.8056271635933,10.5931369480645,11.0181173791222
"Length bin 43-45",7,9.2464645528632,9.05169288007835,9.44123622564806
"Length bin 45-47",7,7.78004585368202,7.594052047512,7.96603965985203
"Length bin 47-49",7,6.44153745336881,6.26462895299461,6.61844595374301
"Length bin >49",7,22.3891016766412,21.477882772993,23.3003205802894
"Length bin <7",8,21.2223491315599,20.6986944942784,21.7460037688415
"Length bin 7-9",8,87.2728163235384,85.2178205362571,89.3278121108198
"Length bin 9-11",8,176.786873172026,172.63379667524,180.939949668813
"Length bin 11-13",8,164.744781283404,161.048438411285,168.441124155523
"Length bin 13-15",8,84.4455633955313,82.8143763885509,86.0767504025116
"Length bin 15-17",8,52.8096894477004,51.7246827180945,53.8946961773064
"Length bin 17-19",8,61.2482828934792,59.7646274314652,62.7319383554932
"Length bin 19-21",8,69.0145616132505,67.4380532241088,70.5910700023922
"Length bin 21-23",8,64.015159820346,62.6906431044643,65.3396765362276
"Length bin 23-25",8,50.7221824594858,49.7843177199984,51.6600471989732
"Length bin 25-27",8,37.5059814039773,36.8163207928701,38.1956420150845
"Length bin 27-29",8,28.7163075528552,28.093264453228,29.3393506524825
"Length bin 29-31",8,23.7534679177182,23.1994946451729,24.3074411902635
"Length bin 31-33",8,20.5152095319504,20.0761161266325,20.9543029372684
"Length bin 33-35",8,17.8167766400326,17.4768894756477,18.1566638044174
"Length bin 35-37",8,15.452465890414,15.1647395098846,15.7401922709434
"Length bin 37-39",8,13.4789282963165,13.2197892405957,13.7380673520373
"Length bin 39-41",8,11.8489082477116,11.61784247324,12.0799740221832
"Length bin 41-43",8,10.4280346404817,10.2255413147741,10.6305279661892
"Length bin 43-45",8,9.10261007220032,8.9226909065234,9.28252923787723
"Length bin 45-47",8,7.82626548642091,7.66007623843153,7.99245473441029
"Length bin 47-49",8,6.60552322493918,6.44674770744062,6.76429874243774
"Length bin >49",8,24.0181519908181,23.130069193554,24.9062347880823
"Length bin <7",9,13.7290396951745,13.4125210489282,14.0455583414208
"Length bin 7-9",9,56.4507897074087,55.2235163918087,57.6780630230087
"Length bin 9-11",9,114.869280542638,112.393100092249,117.345460993026
"Length bin 11-13",9,109.3330149569,107.137807443556,111.528222470244
"Length bin 13-15",9,62.1711399546455,61.1299493453078,63.2123305639832
"Length bin 15-17",9,48.576515599136,47.5691336722739,49.5838975259981
"Length bin 17-19",9,61.1380938024592,59.7369807617142,62.5392068432042
"Length bin 19-21",9,70.8123107208409,69.3149384943348,72.3096829473469
"Length bin 21-23",9,68.4582313076646,67.1984062280782,69.7180563872511
"Length bin 23-25",9,58.0890739893038,57.1497330061956,59.028414972412
"Length bin 25-27",9,47.0529913425283,46.2051197382231,47.9008629468336
"Length bin 27-29",9,38.9797572832988,38.1274029886308,39.8321115779669
"Length bin 29-31",9,33.1870047500658,32.4503560959893,33.9236534041424
"Length bin 31-33",9,28.0295762379637,27.4811672814232,28.5779851945043
"Length bin 33-35",9,22.9956395462347,22.5823759966022,23.4089030958673
"Length bin 35-37",9,18.4553751224251,18.0992606866744,18.8114895581757
"Length bin 37-39",9,14.7852975408659,14.4743897404856,15.0962053412463
"Length bin 39-41",9,12.0130471758153,11.761398273532,12.2646960780986
"Length bin 41-43",9,9.93366851570746,9.73452216067232,10.1328148707426
"Length bin 43-45",9,8.31243871823303,8.13915318420402,8.48572425226204
"Length bin 45-47",9,6.9830702487315,6.81714919336853,7.14899130409447
"Length bin 47-49",9,5.85101063440982,5.69112456121706,6.01089670760258
"Length bin >49",9,22.4160859529162,21.5408261768785,23.2913457289539
"Length bin <7",10,25.7434175561388,25.1428668045769,26.3439683077008
"Length bin 7-9",10,105.840045090771,103.508937757211,108.171152424331
"Length bin 9-11",10,213.871815339612,209.172956610766,218.570674068459
"Length bin 11-13",10,197.052134771432,192.874180370303,201.23008917256
"Length bin 13-15",10,95.1638201595977,93.3290576318066,96.9985826873888
"Length bin 15-17",10,51.0300480714742,50.1645022750733,51.8955938678751
"Length bin 17-19",10,57.1721424814352,56.0267102339868,58.3175747288836
"Length bin 19-21",10,67.8174361200509,66.568467702594,69.0664045375078
"Length bin 21-23",10,69.3997125487077,68.2873177781589,70.5121073192564
"Length bin 23-25",10,64.3798382189628,63.4537763816427,65.3059000562828
"Length bin 25-27",10,58.3048166366979,57.4454868195453,59.1641464538505
"Length bin 27-29",10,53.5614467261933,52.7208526405425,54.402040811844
"Length bin 29-31",10,49.1769869496098,48.4150132913354,49.9389606078843
"Length bin 31-33",10,43.832260340797,43.1895273331382,44.4749933484558
"Length bin 33-35",10,37.5217644832868,36.986135886584,38.0573930799895
"Length bin 35-37",10,31.0744838206018,30.6219561525424,31.5270114886612
"Length bin 37-39",10,25.2199880064437,24.8407676195487,25.5992083933387
"Length bin 39-41",10,20.2475272550124,19.9376807798229,20.5573737302019
"Length bin 41-43",10,16.1457008672245,15.8949394304516,16.3964623039975
"Length bin 43-45",10,12.8101460358015,12.6031263450787,13.0171657265243
"Length bin 45-47",10,10.1350883221271,9.95843663321735,10.3117400110369
"Length bin 47-49",10,8.0189596924632,7.86337915298885,8.17454023193755
"Length bin >49",10,27.9890644872927,27.1287867266033,28.849342247982
"Length bin <7",11,17.4450045563747,17.0119084172564,17.878100695493
"Length bin 7-9",11,71.730067852745,70.0294901885892,73.4306455169009
"Length bin 9-11",11,146.423571948922,142.980166269173,149.866977628671
"Length bin 11-13",11,141.378546114749,138.310236894707,144.446855334791
"Length bin 13-15",11,85.5850283072512,84.1327620252012,87.0372945893012
"Length bin 15-17",11,73.9479002443061,72.4744227251994,75.4213777634128
"Length bin 17-19",11,94.9822187823555,92.9259624326417,97.0384751320692
"Length bin 19-21",11,109.122121112448,106.898759521741,111.345482703156
"Length bin 21-23",11,103.935900259344,101.991954957597,105.879845561092
"Length bin 23-25",11,86.6442207500143,85.1857044826722,88.1027370173565
"Length bin 25-27",11,69.6845700288328,68.5794948976789,70.7896451599867
"Length bin 27-29",11,59.1994475885206,58.1972684760956,60.2016267009457
"Length bin 29-31",11,53.7777613889605,52.8297274853791,54.7257952925418
"Length bin 31-33",11,49.8496780952518,49.0024509360307,50.6969052544729
"Length bin 33-35",11,45.459485055991,44.7204884123694,46.1984816996126
"Length bin 35-37",11,40.3783961597835,39.7326985781698,41.0240937413972
"Length bin 37-39",11,34.9797749157737,34.421560272519,35.5379895590283
"Length bin 39-41",11,29.6056769444154,29.1321385134987,30.0792153753322
"Length bin 41-43",11,24.4872552103368,24.0878700320016,24.8866403886721
"Length bin 43-45",11,19.8060767896807,19.4662534964561,20.1459000829052
"Length bin 45-47",11,15.7028571125336,15.4111853730467,15.9945288520205
"Length bin 47-49",11,12.2505886055338,11.9993467656962,12.5018304453714
"Length bin >49",11,37.9756233290907,36.7571180237415,39.1941286344399
"Length bin <7",12,26.5879123389772,25.9359388142547,27.2398858636998
"Length bin 7-9",12,109.299122433709,106.741900975387,111.856343892032
"Length bin 9-11",12,221.050198875091,215.890064516691,226.210333233491
"Length bin 11-13",12,204.521455073988,199.940508992103,209.102401155874
"Length bin 13-15",12,101.133588453014,99.1152581850314,103.151918720997
"Length bin 15-17",12,58.3626252465406,57.0968468793478,59.6284036137335
"Length bin 17-19",12,68.0694736376615,66.3386348888553,69.8003123864677
"Length bin 19-21",12,82.2324978467791,80.3640444728456,84.1009512207127
"Length bin 21-23",12,86.3084195439525,84.6665278123571,87.9503112755478
"Length bin 23-25",12,82.8233269284052,81.3928840322597,84.2537698245506
"Length bin 25-27",12,77.6281577836651,76.1477343584248,79.1085812089054
"Length bin 27-29",12,73.096404070873,71.5800984482957,74.6127096934503
"Length bin 29-31",12,68.120956648599,66.7530052718231,69.4889080253748
"Length bin 31-33",12,61.5556340941131,60.4289483515792,62.6823198366471
"Length bin 33-35",12,53.8627526359065,52.9390639245096,54.7864413473034
"Length bin 35-37",12,46.2679219002738,45.4707093747841,47.0651344257634
"Length bin 37-39",12,39.5693720897206,38.8613633685137,40.2773808109275
"Length bin 39-41",12,33.8466343648499,33.2252486818612,34.4680200478386
"Length bin 41-43",12,28.8182157814468,28.2815477179128,29.3548838449808
"Length bin 43-45",12,24.228817778756,23.7635397062611,24.6940958512509
"Length bin 45-47",12,19.9915347966996,19.5816399695278,20.4014296238714
"Length bin 47-49",12,16.1436594887973,15.7790673002112,16.5082516773834
"Length bin >49",12,50.3994238815653,48.6420354621237,52.1568123010069
"Length bin <7",13,15.3443155289404,14.9759681153779,15.712662942503
"Length bin 7-9",13,63.0846655383196,61.6492725478372,64.520058528802
"Length bin 9-11",13,128.708140188087,125.806863941794,131.609416434381
"Length bin 11-13",13,123.993246289623,121.410687691277,126.575804887968
"Length bin 13-15",13,74.3661005957181,73.0929538246299,75.6392473668063
"Length bin 15-17",13,63.4471567142686,62.0518401089735,64.8424733195636
"Length bin 17-19",13,81.566314570875,79.6412592678527,83.4913698738973
"Length bin 19-21",13,94.4699237059868,92.4313884497441,96.5084589622294
"Length bin 21-23",13,91.4370124352642,89.7010539053514,93.1729709651769
"Length bin 23-25",13,78.4760390008722,77.1012125017065,79.8508655000379
"Length bin 25-27",13,65.9213363391458,64.63431651585,67.2083561624416
"Length bin 27-29",13,58.7293171883,57.4409888562266,60.0176455203733
"Length bin 29-31",13,55.4922098073619,54.3238234383218,56.6605961764021
"Length bin 31-33",13,53.0601017187815,52.0509717902085,54.0692316473546
"Length bin 33-35",13,49.7465299055971,48.8209175827103,50.6721422284839
"Length bin 35-37",13,45.4042505536515,44.5311129862464,46.2773881210566
"Length bin 37-39",13,40.4424854445535,39.6648027240574,41.2201681650497
"Length bin 39-41",13,35.2596054021771,34.6081862839212,35.911024520433
"Length bin 41-43",13,30.1473468460947,29.5979053071194,30.6967883850701
"Length bin 43-45",13,25.323463724063,24.8272523490761,25.81967509905
"Length bin 45-47",13,20.9371472171065,20.4692978551674,21.4049965790457
"Length bin 47-49",13,17.0612342013665,16.6244796615001,17.4979887412329
"Length bin >49",13,56.3461637960365,54.2472058981274,58.4451216939457
"Length bin <7",14,19.7306389504108,19.2414748347583,20.2198030660633
"Length bin 7-9",14,81.100550337985,79.1817311177811,83.0193695581888
"Length bin 9-11",14,164.331679050685,160.45661778377,168.2067403176
"Length bin 11-13",14,153.425986035652,149.977496278337,156.874475792968
"Length bin 13-15",14,79.5943025372933,78.0627464419558,81.1258586326308
"Length bin 15-17",14,52.0097903039202,50.9816297710317,53.0379508368087
"Length bin 17-19",14,63.5464349913428,62.1239904563539,64.9688795263318
"Length bin 19-21",14,77.0156830600498,75.4537431195862,78.5776230005135
"Length bin 21-23",14,80.9256914172981,79.506299000033,82.3450838345633
"Length bin 23-25",14,77.9362527240308,76.684692698529,79.1878127495327
"Length bin 25-27",14,73.6454690283516,72.3986725617321,74.8922654949711
"Length bin 27-29",14,70.326772139865,69.0666460423191,71.586898237411
"Length bin 29-31",14,66.8880330591281,65.7205068078951,68.055559310361
"Length bin 31-33",14,62.1008463688663,61.0871413433241,63.1145513944085
"Length bin 33-35",14,56.1966114330459,55.3211466435178,57.072076222574
"Length bin 35-37",14,50.142801862941,49.364054604541,50.921549121341
"Length bin 37-39",14,44.5747995172316,43.8665664524247,45.2830325820386
"Length bin 39-41",14,39.5339517992763,38.8891297827493,40.1787738158032
"Length bin 41-43",14,34.7858532231493,34.2024647657355,35.369241680563
"Length bin 43-45",14,30.1564058109678,29.6294663174389,30.6833453044968
"Length bin 45-47",14,25.6415306920557,25.1633191060867,26.1197422780247
"Length bin 47-49",14,21.3502810929371,20.9129295021501,21.7876326837241
"Length bin >49",14,73.1966775670767,70.8429517759548,75.5504033581987
"Length bin <7",15,10.9881454009489,10.727773489931,11.2485173119668
"Length bin 7-9",15,45.166817214589,44.1526783772097,46.1809560519683
"Length bin 9-11",15,92.0799706336909,90.0339945297881,94.1259467375936
"Length bin 11-13",15,88.411828945019,86.6004694969909,90.223188393047
"Length bin 13-15",15,52.3005660644902,51.4096615973967,53.1914705315837
"Length bin 15-17",15,43.7999288804835,42.8140513755642,44.7858063854028
"Length bin 17-19",15,56.4720196100586,55.114887405726,57.8291518143913
"Length bin 19-21",15,66.3760283153728,64.9475388118159,67.8045178189298
"Length bin 21-23",15,66.0066838120956,64.7843822710631,67.2289853531282
"Length bin 23-25",15,59.1835196142702,58.1310763545457,60.2359628739947
"Length bin 25-27",15,52.5419457451904,51.4480559943151,53.6358354960657
"Length bin 27-29",15,49.1206851308805,48.015368638116,50.226001623645
"Length bin 29-31",15,47.8283212112034,46.8431102440708,48.813532178336
"Length bin 31-33",15,46.5842997563384,45.7145802217202,47.4540192909566
"Length bin 33-35",15,44.3981049647548,43.5525441431549,45.2436657863547
"Length bin 35-37",15,41.3095752018877,40.4864537423584,42.132696661417
"Length bin 37-39",15,37.6663206957398,36.9292319778354,38.4034094136443
"Length bin 39-41",15,33.7496670049145,33.1243616047138,34.3749724051153
"Length bin 41-43",15,29.7496961093595,29.1973827485184,30.3020094702006
"Length bin 43-45",15,25.8169617351274,25.2906569358157,26.3432665344391
"Length bin 45-47",15,22.0733755254376,21.5636648756385,22.5830861752366
"Length bin 47-49",15,18.6011375403777,18.1201194845551,19.0821555962004
"Length bin >49",15,69.0703764248491,66.3925788534824,71.7481739962157
"Length bin <7",16,29.7637524322173,29.0446504625437,30.482854401891
"Length bin 7-9",16,122.36434375264,119.545896201251,125.18279130403
"Length bin 9-11",16,246.775194101714,241.098889051773,252.451499151654
"Length bin 11-13",16,225.229003715679,220.203188655325,230.254818776032
"Length bin 13-15",16,103.016034026265,100.844526838654,105.187541213876
"Length bin 15-17",16,45.7823159036324,44.9633701726323,46.6012616346325
"Length bin 17-19",16,46.845313555748,45.8337521348446,47.8568749766514
"Length bin 19-21",16,56.0216942605656,54.9071123886879,57.1362761324433
"Length bin 21-23",16,58.8742886644608,57.8612687721214,59.8873085568003
"Length bin 23-25",16,56.9230218089188,56.0371054445024,57.8089381733351
"Length bin 25-27",16,54.3603119020925,53.4936156016912,55.2270082024938
"Length bin 27-29",16,52.8951193247542,52.021417672154,53.7688209773544
"Length bin 29-31",16,51.6526291901183,50.825944951447,52.4793134287897
"Length bin 31-33",16,49.5451359599075,48.7943714021035,50.2959005177115
"Length bin 33-35",16,46.5128087652547,45.8272946129631,47.1983229175463
"Length bin 35-37",16,43.0836378405659,42.4478413132799,43.719434367852
"Length bin 37-39",16,39.6419148890278,39.049758416452,40.2340713616037
"Length bin 39-41",16,36.2293928573486,35.678163648667,36.7806220660302
"Length bin 41-43",16,32.7369398421611,32.2228136094321,33.2510660748902
"Length bin 43-45",16,29.1093509777957,28.6281206546423,29.5905813009491
"Length bin 45-47",16,25.4037116965234,24.9510975112168,25.85632588183
"Length bin 47-49",16,21.7445889228361,21.3167156578734,22.1724621877988
"Length bin >49",16,83.6713025582472,81.0578293200222,86.2847757964722
"Length bin <7",17,10.2613871710856,10.00357909333,10.5191952488412
"Length bin 7-9",17,42.1969909649035,41.1830245829153,43.2109573468917
"Length bin 9-11",17,86.6538739487085,84.6007651210852,88.7069827763318
"Length bin 11-13",17,85.9002437378859,84.07018095952,87.7303065162518
"Length bin 13-15",17,57.6769776504395,56.6827964289779,58.6711588719011
"Length bin 15-17",17,57.0888863737502,55.7860969053688,58.3916758421317
"Length bin 17-19",17,75.0218392309989,73.2385685459308,76.805109916067
"Length bin 19-21",17,85.1138400916433,83.2402717853248,86.9874083979618
"Length bin 21-23",17,78.9476202824435,77.3739899038334,80.5212506610535
"Length bin 23-25",17,62.9197565803596,61.7425747350546,64.0969384256645
"Length bin 25-27",17,47.6931122344931,46.6948481560594,48.6913763129268
"Length bin 27-29",17,38.7345931051788,37.7829223904929,39.6862638198648
"Length bin 29-31",17,35.076012722961,34.2366582676977,35.9153671782242
"Length bin 31-33",17,33.6443955812953,32.9296308298807,34.3591603327099
"Length bin 33-35",17,32.4591409441973,31.7860955614354,33.1321863269593
"Length bin 35-37",17,30.9190764857203,30.262687882812,31.5754650886286
"Length bin 37-39",17,29.0129141202676,28.4137586410348,29.6120695995005
"Length bin 39-41",17,26.8208301911307,26.2973641846939,27.3442961975675
"Length bin 41-43",17,24.411873329541,23.9362317966969,24.8875148623852
"Length bin 43-45",17,21.864116751763,21.4043436918829,22.323889811643
"Length bin 45-47",17,19.2679743706246,18.8172011441321,19.7187475971172
"Length bin 47-49",17,16.7095643370894,16.2732066194515,17.1459220547273
"Length bin >49",17,69.5611049212854,66.8329138540963,72.2892959884745
"Length bin <7",18,15.3393817752144,14.9611677905891,15.7175957598397
"Length bin 7-9",18,63.0474219295588,61.5634037179401,64.5314401411776
"Length bin 9-11",18,127.546517274326,124.552713579438,130.540320969215
"Length bin 11-13",18,118.196663075556,115.539348751958,120.853977399155
"Length bin 13-15",18,59.0083671388206,57.8307392403036,60.1859950373376
"Length bin 15-17",18,35.1927377520799,34.4149365634406,35.9705389407192
"Length bin 17-19",18,42.2255538691387,41.1576816474653,43.293426090812
"Length bin 19-21",18,52.4576320630794,51.298246131551,53.6170179946079
"Length bin 21-23",18,57.2844770344241,56.235639791846,58.3333142770022
"Length bin 23-25",18,57.6475495317279,56.6557632950136,58.6393357684421
"Length bin 25-27",18,56.2638371459992,55.1822595828274,57.345414709171
"Length bin 27-29",18,54.0281777627536,52.9173511826229,55.1390043428843
"Length bin 29-31",18,50.300530378547,49.3014518504635,51.2996089066305
"Length bin 31-33",18,44.9072981214564,44.0841492803932,45.7304469625196
"Length bin 33-35",18,38.8092255396854,38.1366818017603,39.4817692776106
"Length bin 35-37",18,33.2513755782845,32.6722654934185,33.8304856631505
"Length bin 37-39",18,28.8812180589748,28.3578316271894,29.4046044907602
"Length bin 39-41",18,25.6214340613557,25.1438316233876,26.0990364993237
"Length bin 41-43",18,23.0441765619316,22.6094107980525,23.4789423258106
"Length bin 43-45",18,20.7478280757711,20.3452961385321,21.1503600130101
"Length bin 45-47",18,18.5124602732101,18.1271517123091,18.8977688341112
"Length bin 47-49",18,16.2802075233524,15.9030288666861,16.6573861800186
"Length bin >49",18,71.2254235604541,68.8042603281115,73.6465867927967
"Length bin <7",19,15.1040003739129,14.7792074211154,15.4287933267105
"Length bin 7-9",19,62.0968903748401,60.8722947872396,63.3214859624406
"Length bin 9-11",19,125.870324806133,123.423242095146,128.31740751712
"Length bin 11-13",19,117.680685495934,115.53294371503,119.828427276839
"Length bin 13-15",19,61.3873735770882,60.4248311624383,62.3499159917381
"Length bin 15-17",19,40.2394836393277,39.4387862705152,41.0401810081403
"Length bin 17-19",19,48.0952820110219,46.9721572819352,49.2184067401085
"Length bin 19-21",19,55.8475895543717,54.6684939454502,57.0266851632931
"Length bin 21-23",19,54.852879382184,53.8649631492873,55.8407956150807
"Length bin 23-25",19,48.3651747232753,47.5764650289526,49.153884417598
"Length bin 25-27",19,42.284230727551,41.5120364831843,43.0564249719178
"Length bin 27-29",19,39.3289650397688,38.5379900759227,40.1199400036149
"Length bin 29-31",19,38.4912553568768,37.7625947933814,39.2199159203722
"Length bin 31-33",19,37.7702350839863,37.1201397067005,38.4203304612721
"Length bin 33-35",19,36.0890750500541,35.4719121040049,36.7062379961033
"Length bin 35-37",19,33.3751807540338,32.7866637535879,33.9636977544798
"Length bin 37-39",19,29.9848647897636,29.4612010300727,30.5085285494546
"Length bin 39-41",19,26.3270410531519,25.8823996500264,26.7716824562775
"Length bin 41-43",19,22.7408702551102,22.3453693680569,23.1363711421634
"Length bin 43-45",19,19.4605046942959,19.0751347583349,19.8458746302569
"Length bin 45-47",19,16.5987762792128,16.2101979621694,16.9873545962561
"Length bin 47-49",19,14.1585981942441,13.7724121080664,14.5447842804217
"Length bin >49",19,63.9496112115974,61.4955007439752,66.4037216792197
"Length bin <7",20,20.876380687809,20.3583319818409,21.3944293937772
"Length bin 7-9",20,85.8306520763219,83.8044336099269,87.8568705427169
"Length bin 9-11",20,173.870379247912,169.779761436017,177.960997059808
"Length bin 11-13",20,162.085227505023,158.434598030206,165.735856979841
"Length bin 13-15",20,83.3176008971566,81.7196271179218,84.9155746763915
"Length bin 15-17",20,52.8025752182181,51.9844563374931,53.6206940989432
"Length bin 17-19",20,62.5432679255114,61.4685701943982,63.6179656566247
"Length bin 19-21",20,72.88063928446,71.7491815531535,74.0120970157666
"Length bin 21-23",20,71.9024739952916,70.9317058685654,72.8732421220179
"Length bin 23-25",20,63.3775192145222,62.6107017592373,64.1443366698072
"Length bin 25-27",20,54.5723166699812,53.9034278790631,55.2412054608992
"Length bin 27-29",20,48.9739684154958,48.3293937549604,49.6185430760311
"Length bin 29-31",20,45.7132873143986,45.1165338545631,46.3100407742341
"Length bin 31-33",20,42.9322850043215,42.4027263010978,43.4618437075451
"Length bin 33-35",20,39.8918025712215,39.4122672038732,40.3713379385699
"Length bin 35-37",20,36.7440107846061,36.2973661806781,37.1906553885342
"Length bin 37-39",20,33.7024477006175,33.2873208078563,34.1175745933787
"Length bin 39-41",20,30.7369396468162,30.3566512132465,31.1172280803858
"Length bin 41-43",20,27.7135937926011,27.3670172968485,28.0601702883537
"Length bin 43-45",20,24.5781381539949,24.2605430487581,24.8957332592318
"Length bin 45-47",20,21.4007102242675,21.1071605388279,21.694259909707
"Length bin 47-49",20,18.3172186031493,18.043080699723,18.5913565065757
"Length bin >49",20,78.6904614297465,76.4223776885885,80.9585451709046
