"LengthBin","2000","2001","2002","2003","2004","2005","2006","2007","2008","2009","2010","2011","2012","2013","2014","2015","2016","2017","2018","2019"
"6",0.0521801756859017,0.0576812231627977,0.047070314828821,0.0408903706442623,0.0724834452243421,0.0753867969992428,0.0381631713680043,0.0424162725565544,0.0656137000898013,0.101467345433105,0.101054144750329,0.0827813808829848,0.153372997529041,0.0523354881709342,0.085604364488688,0.0855522640995822,0.0921047428949857,0.0672524150678681,0.0501751559096436,0.0658985458707577
"8",0.592326282687014,0.483049143967532,0.730774562343599,0.669924415723675,0.947298080011495,0.771757027847838,0.618410915631812,0.465447822951188,0.924600056427044,1.23552087221468,1.39759479553793,1.6058788328044,1.17177990287496,0.619512537009406,1.92320898859226,0.948226422361647,1.41043026840441,1.03946107509913,0.701602581291637,0.994290403774103
"10",4.51407816769303,3.03898821235918,4.91635934220026,4.92358520837311,5.62686054982087,5.69789944998055,4.22587827289319,4.43233684929466,5.20857192400073,7.85874623278632,6.58347191582533,6.07222801821797,13.5624459898035,3.27553869775495,9.03299618426956,6.61955008483454,7.64235329411119,8.52689437762967,5.02193764774554,5.41622582914885
"12",10.2845211539883,12.7627189180131,13.586110434019,11.32036365807,20.749117024676,14.2155122052434,9.41410963453279,7.47725629052361,15.7899380738045,19.9606321788974,16.625173577176,16.2059962818443,30.8330782270625,11.7283469335946,25.3722248717985,20.0084266424666,18.745928068659,18.0759807776087,15.8122026965494,18.7306752163911
"14",18.1781350155625,17.5664019956827,17.2159383266753,14.7577548118317,18.6678789791285,13.1155487096129,15.9019602108109,20.7246434667814,18.6776352047648,34.8536114472581,20.2351057607987,19.2373046682732,37.4288123507035,20.6532987119747,25.4570054509474,19.0715789234525,18.7975563304154,18.9636080188388,26.8702744568776,24.2162846833632
"16",14.2505024916964,15.7682838107056,20.4553980247456,25.8682822200597,14.3814328496262,21.732389723136,18.4910492343837,19.6004865873362,19.1012882880011,19.0664161183489,29.6184607219676,18.0520460485928,33.2529745356153,36.7746016310556,27.3671562142976,42.3755838794886,25.008765881458,29.899562129051,34.4255370048661,20.8555430388411
"18",24.8012362618719,22.6696824320845,25.7334456330239,20.5500961572238,24.9696900859106,37.129643954186,33.2425308380585,21.1006212477293,22.4020633398576,20.777613211894,44.249942639643,30.3868650483595,44.6281356740014,69.8165201933859,36.9735497160622,63.22248404064,26.6039652737611,64.8846109040378,40.0770365597404,24.963737092225
"20",26.2756299070845,33.1724635659033,22.1823703211011,43.5012111997037,33.729980470469,44.503394146109,37.0507408281904,29.5830726030292,27.0896131185058,38.7465117009252,42.9751001286209,43.3962628518639,61.1578215569552,64.7215353050695,52.382643209639,78.8800355226699,30.4618700959544,61.4605391555326,41.6678429040924,58.285223717932
"22",25.0579287854268,42.2334728360373,38.0577156420448,42.4042250231371,30.2434954511331,55.1666721132996,38.2053879580372,33.6756593422705,45.138414044756,38.5660292893688,55.1199816483691,38.0232640557034,46.2780751984325,105.488995839322,42.32075193006,69.6481773775195,56.8831654474193,70.3496955810459,50.2852559229152,46.2113892385963
"24",26.0957908827139,45.4935811218387,30.6824233561818,38.8818709575879,34.6858572884133,32.1890463978093,53.3510111761802,37.949980184304,26.8634470958184,29.2907291293719,41.8355491114488,40.1943184858223,45.0634764934636,53.3898675139939,44.4524132949047,43.5118477462043,38.7745670683125,40.537399406798,53.4363918129796,40.1138113024921
"26",28.5531131575953,26.9704600535669,31.874919625607,25.1142224997341,29.7809728577626,40.2935520122795,33.3118220286536,24.8259819339946,20.0933082372717,28.9130097532214,26.8590817749499,30.2361227758594,41.449095084323,29.7494609488903,70.4557140807526,38.3720797443268,44.2348977970634,40.1635206611477,32.7970439662984,27.0210541580661
"28",31.0831430485962,20.8751467194668,17.4882896262115,35.8560441987744,16.6116225282602,27.5768635467835,41.3632442673904,28.1362514678353,15.0240011187402,15.7005393042051,23.398112018956,25.8549681976143,31.5349048974514,39.3597866903151,45.9663655116169,33.8855366864869,60.7796525312777,34.2140028165808,40.0867379449625,28.2655710384513
"30",30.934500054515,24.4015356424485,20.2498253017908,17.2263196008214,25.0540845390082,23.8830098792821,17.7989492375691,22.7849486678782,24.4089412604753,23.0339741998134,18.6615521494022,30.3006138753637,31.4678426953486,45.3014704902888,50.755030640487,38.2741145664864,42.3514927635191,36.1172656643777,41.2230241248814,39.7997553503801
"32",29.5573373093816,26.5737244571768,26.278435872232,24.2306937230702,26.4687358520072,20.476992910348,16.1734913746529,34.3330309607583,26.2826077723733,15.6337363995054,20.7586055643582,26.6364550489017,14.2110789180336,22.4555758602006,55.2204615633641,50.8767104499209,34.102238109983,27.4733363802736,23.6491115591296,26.4547490284879
"34",22.6073271414336,22.5657192664253,18.9980241345903,18.2216758825798,15.8840110164325,15.7761345438369,21.4316423807068,22.0603219436757,15.2331952456586,13.8535364962824,16.7064276792636,12.6538584647805,24.9648743346018,21.2032179444475,24.5032746510384,24.1533413592718,30.5544400982651,21.9617538489797,28.8736791256983,24.5781534043446
"36",18.0476467187036,18.446613155525,20.8858557866333,15.3543521427859,18.0078620859012,11.6010921161032,15.9119702613614,11.7522405638857,17.5639637628667,10.0277600390428,10.2237986637324,8.56924691707017,30.4547538110343,22.360369266753,30.2353209651211,24.9292165448743,35.631247353725,29.1792425067546,23.0192441252344,23.5889267748275
"38",30.092879600493,18.8575395932312,18.303357680441,11.603793020366,11.0247763859436,12.0103716489374,12.5314977276004,13.7449045835319,20.2263415481899,10.0746368029978,10.2661900823829,8.45956333299145,17.3330808663624,21.3875167684633,26.6286885841355,28.8129004426147,24.3287366301935,25.4757687564759,21.2731008806862,28.1993088037472
"40",12.4370745235532,10.6518025934006,12.9619050089686,11.331425496646,13.2205989799916,9.66870239452755,10.7154771597072,10.9612509404108,9.42877916421551,12.7065271506791,6.33922943248957,7.09031285533813,12.8144924897106,14.4202390017879,14.9646023434832,26.2364391613674,21.4168651127054,14.152759579792,18.8986109531046,19.8293186194334
"42",14.969224224762,14.9099407589512,14.8378897030329,10.7223060401489,8.73009124112689,9.51966621545011,7.79246160266596,11.8366609977604,10.1810938752915,10.4741252334215,6.54009414650405,5.75602735150168,9.93511589868896,11.2116366100233,14.7299048656635,22.6094065699768,15.7460710085563,28.5423873628243,21.2764791021983,14.6457398538544
"44",9.89632967010424,14.2639530882826,13.6135984329287,12.065715917015,11.0120697931536,10.5376877571823,9.11249913229882,9.2721691924075,9.18362204645524,7.06582509940258,5.17573669701016,5.25360211161117,7.62730642264538,7.46405815612009,14.5212263514212,14.5785121034169,15.4711984136622,11.1319624543142,11.2875155333025,12.7317787124308
"46",12.4053702138836,5.92284584428937,7.82486703099459,9.98243602449272,9.93880204165417,6.28841835981311,8.9831659058545,6.45930010166819,6.86021115082454,4.47620727396939,4.34185512959815,5.21655076559704,5.93527812719451,6.21485117842878,8.2863624835106,7.88964714408057,12.8000630451124,13.8246846111451,9.61333684761766,13.0538995845313
"48",8.73020490758576,8.30216266803776,7.32765011812852,6.77467809431208,5.66707883371347,5.35854451101437,6.21898185544891,6.1313033065591,5.75813215452487,4.45817705931292,6.5487084114289,4.18476099111549,4.20364866133989,6.49687377466386,6.78824713867105,11.3482718505135,15.2319059105982,11.7533303727213,10.9685576438419,9.16088696443388
"50",21.5591356447409,40.7659878916805,30.5366162389491,27.9844765993002,19.7433167976522,22.304942063058,26.4984150291512,19.1822890237706,20.3006931136801,20.0430323404811,10.7737391874696,16.2652443614044,12.8070526003345,17.7977599691916,24.8080797695847,40.3846712491055,38.9075134648466,26.8887353272126,46.220166003079,34.0036016126827
