"LengthBin","2000","2000.25","2000.5","2000.75","2001","2001.25","2001.5","2001.75","2002","2002.25","2002.5","2002.75","2003","2003.25","2003.5","2003.75","2004","2004.25","2004.5","2004.75"
"12.5",2.54361800895203e-06,2.54361800895203e-06,2.54361800895203e-06,2.54361800895203e-06,2.54361800895203e-06,2.54361800895203e-06,2.54361800895203e-06,2.54361800895203e-06,2.54361800895203e-06,2.54361800895203e-06,2.54361800895203e-06,2.54361800895203e-06,2.54361800895203e-06,2.54361800895203e-06,2.54361800895203e-06,2.54361800895203e-06,2.54361800895203e-06,2.54361800895203e-06,2.54361800895203e-06,2.54361800895203e-06
"17.5",5.31054495656893e-06,5.31054495656893e-06,5.31054495656893e-06,5.31054495656893e-06,5.31054495656893e-06,5.31054495656893e-06,5.31054495656893e-06,5.31054495656893e-06,5.31054495656893e-06,5.31054495656893e-06,5.31054495656893e-06,5.31054495656893e-06,5.31054495656893e-06,5.31054495656893e-06,5.31054495656893e-06,5.31054495656893e-06,5.31054495656893e-06,5.31054495656893e-06,5.31054495656893e-06,5.31054495656893e-06
"22.5",1.10872791249862e-05,1.10872791249862e-05,1.10872791249862e-05,1.10872791249862e-05,1.10872791249862e-05,1.10872791249862e-05,1.10872791249862e-05,1.10872791249862e-05,1.10872791249862e-05,1.10872791249862e-05,1.10872791249862e-05,1.10872791249862e-05,1.10872791249862e-05,1.10872791249862e-05,1.10872791249862e-05,1.10872791249862e-05,1.10872791249862e-05,1.10872791249862e-05,1.10872791249862e-05,1.10872791249862e-05
"27.5",2.31477159014904e-05,2.31477159014904e-05,2.31477159014904e-05,2.31477159014904e-05,2.31477159014904e-05,2.31477159014904e-05,2.31477159014904e-05,2.31477159014904e-05,2.31477159014904e-05,2.31477159014904e-05,2.31477159014904e-05,2.31477159014904e-05,2.31477159014904e-05,2.31477159014904e-05,2.31477159014904e-05,2.31477159014904e-05,2.31477159014904e-05,2.31477159014904e-05,2.31477159014904e-05,2.31477159014904e-05
"32.5",4.83265295339335e-05,4.83265295339335e-05,4.83265295339335e-05,4.83265295339335e-05,4.83265295339335e-05,4.83265295339335e-05,4.83265295339335e-05,4.83265295339335e-05,4.83265295339335e-05,4.83265295339335e-05,4.83265295339335e-05,4.83265295339335e-05,4.83265295339335e-05,4.83265295339335e-05,4.83265295339335e-05,4.83265295339335e-05,4.83265295339335e-05,4.83265295339335e-05,4.83265295339335e-05,4.83265295339335e-05
"37.5",0.000100890710051084,0.000100890710051084,0.000100890710051084,0.000100890710051084,0.000100890710051084,0.000100890710051084,0.000100890710051084,0.000100890710051084,0.000100890710051084,0.000100890710051084,0.000100890710051084,0.000100890710051084,0.000100890710051084,0.000100890710051084,0.000100890710051084,0.000100890710051084,0.000100890710051084,0.000100890710051084,0.000100890710051084,0.000100890710051084
"42.5",0.000210616270469917,0.000210616270469917,0.000210616270469917,0.000210616270469917,0.000210616270469917,0.000210616270469917,0.000210616270469917,0.000210616270469917,0.000210616270469917,0.000210616270469917,0.000210616270469917,0.000210616270469917,0.000210616270469917,0.000210616270469917,0.000210616270469917,0.000210616270469917,0.000210616270469917,0.000210616270469917,0.000210616270469917,0.000210616270469917
"47.5",0.000439623429119981,0.000439623429119981,0.000439623429119981,0.000439623429119981,0.000439623429119981,0.000439623429119981,0.000439623429119981,0.000439623429119981,0.000439623429119981,0.000439623429119981,0.000439623429119981,0.000439623429119981,0.000439623429119981,0.000439623429119981,0.000439623429119981,0.000439623429119981,0.000439623429119981,0.000439623429119981,0.000439623429119981,0.000439623429119981
"52.5",0.000917406030251656,0.000917406030251656,0.000917406030251656,0.000917406030251656,0.000917406030251656,0.000917406030251656,0.000917406030251656,0.000917406030251656,0.000917406030251656,0.000917406030251656,0.000917406030251656,0.000917406030251656,0.000917406030251656,0.000917406030251656,0.000917406030251656,0.000917406030251656,0.000917406030251656,0.000917406030251656,0.000917406030251656,0.000917406030251656
"57.5",0.00191344860557826,0.00191344860557826,0.00191344860557826,0.00191344860557826,0.00191344860557826,0.00191344860557826,0.00191344860557826,0.00191344860557826,0.00191344860557826,0.00191344860557826,0.00191344860557826,0.00191344860557826,0.00191344860557826,0.00191344860557826,0.00191344860557826,0.00191344860557826,0.00191344860557826,0.00191344860557826,0.00191344860557826,0.00191344860557826
"62.5",0.00398659558483732,0.00398659558483732,0.00398659558483732,0.00398659558483732,0.00398659558483732,0.00398659558483732,0.00398659558483732,0.00398659558483732,0.00398659558483732,0.00398659558483732,0.00398659558483732,0.00398659558483732,0.00398659558483732,0.00398659558483732,0.00398659558483732,0.00398659558483732,0.00398659558483732,0.00398659558483732,0.00398659558483732,0.00398659558483732
"67.5",0.00828726617852187,0.00828726617852187,0.00828726617852187,0.00828726617852187,0.00828726617852187,0.00828726617852187,0.00828726617852187,0.00828726617852187,0.00828726617852187,0.00828726617852187,0.00828726617852187,0.00828726617852187,0.00828726617852187,0.00828726617852187,0.00828726617852187,0.00828726617852187,0.00828726617852187,0.00828726617852187,0.00828726617852187,0.00828726617852187
"72.5",0.0171475517617563,0.0171475517617563,0.0171475517617563,0.0171475517617563,0.0171475517617563,0.0171475517617563,0.0171475517617563,0.0171475517617563,0.0171475517617563,0.0171475517617563,0.0171475517617563,0.0171475517617563,0.0171475517617563,0.0171475517617563,0.0171475517617563,0.0171475517617563,0.0171475517617563,0.0171475517617563,0.0171475517617563,0.0171475517617563
"77.5",0.0351450548929838,0.0351450548929838,0.0351450548929838,0.0351450548929838,0.0351450548929838,0.0351450548929838,0.0351450548929838,0.0351450548929838,0.0351450548929838,0.0351450548929838,0.0351450548929838,0.0351450548929838,0.0351450548929838,0.0351450548929838,0.0351450548929838,0.0351450548929838,0.0351450548929838,0.0351450548929838,0.0351450548929838,0.0351450548929838
"82.5",0.0706738509901359,0.0706738509901359,0.0706738509901359,0.0706738509901359,0.0706738509901359,0.0706738509901359,0.0706738509901359,0.0706738509901359,0.0706738509901359,0.0706738509901359,0.0706738509901359,0.0706738509901359,0.0706738509901359,0.0706738509901359,0.0706738509901359,0.0706738509901359,0.0706738509901359,0.0706738509901359,0.0706738509901359,0.0706738509901359
"87.5",0.137018847499298,0.137018847499298,0.137018847499298,0.137018847499298,0.137018847499298,0.137018847499298,0.137018847499298,0.137018847499298,0.137018847499298,0.137018847499298,0.137018847499298,0.137018847499298,0.137018847499298,0.137018847499298,0.137018847499298,0.137018847499298,0.137018847499298,0.137018847499298,0.137018847499298,0.137018847499298
"92.5",0.248960384145622,0.248960384145622,0.248960384145622,0.248960384145622,0.248960384145622,0.248960384145622,0.248960384145622,0.248960384145622,0.248960384145622,0.248960384145622,0.248960384145622,0.248960384145622,0.248960384145622,0.248960384145622,0.248960384145622,0.248960384145622,0.248960384145622,0.248960384145622,0.248960384145622,0.248960384145622
"97.5",0.409011116453753,0.409011116453753,0.409011116453753,0.409011116453753,0.409011116453753,0.409011116453753,0.409011116453753,0.409011116453753,0.409011116453753,0.409011116453753,0.409011116453753,0.409011116453753,0.409011116453753,0.409011116453753,0.409011116453753,0.409011116453753,0.409011116453753,0.409011116453753,0.409011116453753,0.409011116453753
"102.5",0.590988883546246,0.590988883546246,0.590988883546246,0.590988883546246,0.590988883546246,0.590988883546246,0.590988883546246,0.590988883546246,0.590988883546246,0.590988883546246,0.590988883546246,0.590988883546246,0.590988883546246,0.590988883546246,0.590988883546246,0.590988883546246,0.590988883546246,0.590988883546246,0.590988883546246,0.590988883546246
"107.5",0.751039615854378,0.751039615854378,0.751039615854378,0.751039615854378,0.751039615854378,0.751039615854378,0.751039615854378,0.751039615854378,0.751039615854378,0.751039615854378,0.751039615854378,0.751039615854378,0.751039615854378,0.751039615854378,0.751039615854378,0.751039615854378,0.751039615854378,0.751039615854378,0.751039615854378,0.751039615854378
"112.5",0.862981152500702,0.862981152500702,0.862981152500702,0.862981152500702,0.862981152500702,0.862981152500702,0.862981152500702,0.862981152500702,0.862981152500702,0.862981152500702,0.862981152500702,0.862981152500702,0.862981152500702,0.862981152500702,0.862981152500702,0.862981152500702,0.862981152500702,0.862981152500702,0.862981152500702,0.862981152500702
"117.5",0.929326149009864,0.929326149009864,0.929326149009864,0.929326149009864,0.929326149009864,0.929326149009864,0.929326149009864,0.929326149009864,0.929326149009864,0.929326149009864,0.929326149009864,0.929326149009864,0.929326149009864,0.929326149009864,0.929326149009864,0.929326149009864,0.929326149009864,0.929326149009864,0.929326149009864,0.929326149009864
"122.5",0.964854945107016,0.964854945107016,0.964854945107016,0.964854945107016,0.964854945107016,0.964854945107016,0.964854945107016,0.964854945107016,0.964854945107016,0.964854945107016,0.964854945107016,0.964854945107016,0.964854945107016,0.964854945107016,0.964854945107016,0.964854945107016,0.964854945107016,0.964854945107016,0.964854945107016,0.964854945107016
