"Year","Quantity","Value","Model"
2000,"B",234021.248772048,"ACL"
2000.25,"B",234381.869785169,"ACL"
2000.5,"B",222987.026813168,"ACL"
2000.75,"B",204256.673231873,"ACL"
2001,"B",182532.722341482,"ACL"
2001.25,"B",160387.384409627,"ACL"
2001.5,"B",140161.12962192,"ACL"
2001.75,"B",123911.577028825,"ACL"
2002,"B",113522.145450739,"ACL"
2002.25,"B",109734.34372424,"ACL"
2002.5,"B",110474.3863993,"ACL"
2002.75,"B",113797.954954096,"ACL"
2003,"B",117462.243940955,"ACL"
2003.25,"B",119886.982897964,"ACL"
2003.5,"B",120967.791870846,"ACL"
2003.75,"B",121071.094824233,"ACL"
2004,"B",120197.49348452,"ACL"
2004.25,"B",118056.607343131,"ACL"
2004.5,"B",115223.91263047,"ACL"
2004.75,"B",112192.817163885,"ACL"
2000,"SSB",27275.3458852329,"ACL"
2000.25,"SSB",32580.6730792842,"ACL"
2000.5,"SSB",36583.1306400405,"ACL"
2000.75,"SSB",39312.2133609355,"ACL"
2001,"SSB",40911.6909898134,"ACL"
2001.25,"SSB",40918.6815658446,"ACL"
2001.5,"SSB",38986.7492622304,"ACL"
2001.75,"SSB",35493.4753834887,"ACL"
2002,"SSB",31419.458023285,"ACL"
2002.25,"SSB",27481.5704293275,"ACL"
2002.5,"SSB",23953.490107807,"ACL"
2002.75,"SSB",21182.368520247,"ACL"
2003,"SSB",19707.554333189,"ACL"
2003.25,"SSB",19910.5478791451,"ACL"
2003.5,"SSB",21500.7663992205,"ACL"
2003.75,"SSB",23441.6165947724,"ACL"
2004,"SSB",24859.6870417718,"ACL"
2004.25,"SSB",25401.7905762971,"ACL"
2004.5,"SSB",25242.543595626,"ACL"
2004.75,"SSB",24864.9648421516,"ACL"
2000,"Rec",20977.3908856857,"ACL"
2000.25,"Rec",12087.6458405017,"ACL"
2000.5,"Rec",19916.8764142131,"ACL"
2000.75,"Rec",13044.1275114206,"ACL"
2001,"Rec",9932.23160640937,"ACL"
2001.25,"Rec",10781.7136862942,"ACL"
2001.5,"Rec",16218.8249957258,"ACL"
2001.75,"Rec",19137.4139254362,"ACL"
2002,"Rec",30601.4518880107,"ACL"
2002.25,"Rec",15176.877226911,"ACL"
2002.5,"Rec",22303.1175513752,"ACL"
2002.75,"Rec",14388.670439882,"ACL"
2003,"Rec",14018.4620443811,"ACL"
2003.25,"Rec",16481.2291599574,"ACL"
2003.5,"Rec",19149.0378808962,"ACL"
2003.75,"Rec",17405.2731325531,"ACL"
2004,"Rec",12059.4845490164,"ACL"
2004.25,"Rec",18878.0558545683,"ACL"
2004.5,"Rec",17554.5188396914,"ACL"
2004.75,"Rec",18653.6874711168,"ACL"
2000,"B",258357.629154226,"ALSCL"
2000.25,"B",253169.745523324,"ALSCL"
2000.5,"B",241127.536091152,"ALSCL"
2000.75,"B",224199.535446577,"ALSCL"
2001,"B",204141.165443079,"ALSCL"
2001.25,"B",182351.102691866,"ALSCL"
2001.5,"B",161385.508469991,"ALSCL"
2001.75,"B",143648.747228777,"ALSCL"
2002,"B",131486.756341867,"ALSCL"
2002.25,"B",125653.465285773,"ALSCL"
2002.5,"B",124515.526316313,"ALSCL"
2002.75,"B",126335.376532943,"ALSCL"
2003,"B",129048.215743568,"ALSCL"
2003.25,"B",131220.376581432,"ALSCL"
2003.5,"B",132861.855201314,"ALSCL"
2003.75,"B",134200.269736086,"ALSCL"
2004,"B",134999.86894683,"ALSCL"
2004.25,"B",134781.68433491,"ALSCL"
2004.5,"B",134093.244987645,"ALSCL"
2004.75,"B",134421.250608734,"ALSCL"
2000,"SSB",38951.6671216214,"ALSCL"
2000.25,"SSB",39785.6149569056,"ALSCL"
2000.5,"SSB",40306.4431945974,"ALSCL"
2000.75,"SSB",40574.042574747,"ALSCL"
2001,"SSB",40782.2332524569,"ALSCL"
2001.25,"SSB",40835.2898829603,"ALSCL"
2001.5,"SSB",40555.4393163072,"ALSCL"
2001.75,"SSB",39515.297404979,"ALSCL"
2002,"SSB",37465.3830280907,"ALSCL"
2002.25,"SSB",34479.1776794898,"ALSCL"
2002.5,"SSB",31075.7312601374,"ALSCL"
2002.75,"SSB",27889.6621776541,"ALSCL"
2003,"SSB",25315.9034824501,"ALSCL"
2003.25,"SSB",23493.3910035542,"ALSCL"
2003.5,"SSB",22557.3670099018,"ALSCL"
2003.75,"SSB",22478.9876128012,"ALSCL"
2004,"SSB",23125.1396008234,"ALSCL"
2004.25,"SSB",24157.1823986687,"ALSCL"
2004.5,"SSB",25125.4406396079,"ALSCL"
2004.75,"SSB",25770.0647800477,"ALSCL"
2000,"Rec",12488.8783186734,"ALSCL"
2000.25,"Rec",8090.62750774561,"ALSCL"
2000.5,"Rec",16891.9135008239,"ALSCL"
2000.75,"Rec",9024.61628666259,"ALSCL"
2001,"Rec",7386.0447231535,"ALSCL"
2001.25,"Rec",9260.31899419044,"ALSCL"
2001.5,"Rec",15870.3260737163,"ALSCL"
2001.75,"Rec",18300.1015563739,"ALSCL"
2002,"Rec",29972.2946333438,"ALSCL"
2002.25,"Rec",8346.51982631311,"ALSCL"
2002.5,"Rec",17905.901508432,"ALSCL"
2002.75,"Rec",8905.89130547548,"ALSCL"
2003,"Rec",10209.7975673351,"ALSCL"
2003.25,"Rec",12714.797742803,"ALSCL"
2003.5,"Rec",16594.3975063598,"ALSCL"
2003.75,"Rec",14669.8866141416,"ALSCL"
2004,"Rec",8582.18723071538,"ALSCL"
2004.25,"Rec",18847.5930812034,"ALSCL"
2004.5,"Rec",15429.5522805082,"ALSCL"
2004.75,"Rec",21751.1392950016,"ALSCL"
