"Year","Quantity","Truth"
2000,"B",255323.048600508
2000.25,"B",254491.106700006
2000.5,"B",246649.17478016
2000.75,"B",232332.950206003
2001,"B",214875.525863097
2001.25,"B",187897.485222129
2001.5,"B",162836.51301798
2001.75,"B",146746.268986309
2002,"B",135455.881973567
2002.25,"B",130821.304611768
2002.5,"B",122117.385274094
2002.75,"B",122303.871968281
2003,"B",126631.898714533
2003.25,"B",129528.031794434
2003.5,"B",136929.308430921
2003.75,"B",142036.081283586
2004,"B",146545.836032947
2004.25,"B",144649.098646046
2004.5,"B",131531.042842447
2004.75,"B",129088.717940824
2000,"SSB",45747.2425210567
2000.25,"SSB",45454.8008012209
2000.5,"SSB",44755.547672707
2000.75,"SSB",43987.3768602954
2001,"SSB",43712.1129910739
2001.25,"SSB",42379.7878590809
2001.5,"SSB",41042.2972275225
2001.75,"SSB",40265.8533317934
2002,"SSB",38246.4663089586
2002.25,"SSB",35312.2104115812
2002.5,"SSB",29906.5169436341
2002.75,"SSB",26477.5442520791
2003,"SSB",24274.1839455283
2003.25,"SSB",22643.7745676998
2003.5,"SSB",22610.1698360571
2003.75,"SSB",23223.1075541494
2004,"SSB",24670.0055592425
2004.25,"SSB",25772.331560402
2004.5,"SSB",24836.3240030191
2004.75,"SSB",24859.7206480974
2000,"Rec",9921.78240816775
2000.25,"Rec",7434.86476046102
2000.5,"Rec",15240.5983424961
2000.75,"Rec",7350.15484281749
2001,"Rec",6565.32964841716
2001.25,"Rec",8041.70349531726
2001.5,"Rec",15080.6758653964
2001.75,"Rec",17054.075990234
2002,"Rec",27508.3319922237
2002.25,"Rec",6832.5987160284
2002.5,"Rec",15573.8305244849
2002.75,"Rec",8541.71395588086
2003,"Rec",9221.07660851365
2003.25,"Rec",11994.2947433176
2003.5,"Rec",14151.8633261383
2003.75,"Rec",13726.6230529322
2004,"Rec",8185.33235676376
2004.25,"Rec",17640.3910065531
2004.5,"Rec",13462.7085811313
2004.75,"Rec",22150.9051047763
