"Package","Version"
"ALSCL","2.0.0"
"brio","1.1.5"
"callr","3.8.0"
"data.table","1.18.6.1"
"desc","1.4.3"
"diffobj","0.3.9"
"digest","0.6.39"
"evaluate","1.0.5"
"fs","2.1.0"
"ggridges","0.5.7"
"ggsci","5.2.0"
"otel","0.2.0"
"pkgbuild","1.4.8"
"pkgload","1.5.3"
"praise","1.0.0"
"processx","3.9.0"
"ps","1.9.3"
"R.methodsS3","1.8.2"
"R.oo","1.27.1"
"R.utils","2.13.0"
"rprojroot","2.1.1"
"testthat","3.3.2"
"waldo","0.6.2"
"abind","1.4-8"
"arrow","24.0.0"
"assertthat","0.2.1"
"backports","1.5.1"
"base","4.6.0"
"base64enc","0.1-6"
"bit","4.6.0"
"bit64","4.8.2"
"boot","1.3-32"
"broom","1.0.13"
"class","7.3-23"
"classInt","0.4-11"
"cli","3.6.6"
"clipr","0.8.1"
"cluster","2.1.8.2"
"coda","0.19-4.1"
"codetools","0.2-20"
"colorspace","2.1-2"
"commonmark","2.0.0"
"compiler","4.6.0"
"cowplot","1.2.0"
"cpp11","0.5.5"
"crayon","1.5.3"
"curl","7.1.0"
"datasets","4.6.0"
"DBI","1.3.0"
"Deriv","4.2.0"
"doBy","4.7.1"
"dplyr","1.2.1"
"e1071","1.7-17"
"farver","2.1.2"
"fishMod","0.29.2"
"fmesher","0.7.0"
"forcats","1.0.1"
"forecast","9.0.2"
"foreign","0.8-91"
"fracdiff","1.5-4"
"generics","0.1.4"
"ggplot2","4.0.3"
"ggtext","0.1.2"
"glmmTMB","1.1.14"
"glue","1.8.1"
"graphics","4.6.0"
"grDevices","4.6.0"
"grid","4.6.0"
"gridExtra","2.3"
"gridtext","0.1.6"
"gtable","0.3.6"
"hms","1.1.4"
"isoband","0.3.0"
"jpeg","0.1-11"
"jsonlite","2.0.0"
"KernSmooth","2.23-26"
"labeling","0.4.3"
"lattice","0.22-9"
"lifecycle","1.0.5"
"litedown","0.9"
"lme4","2.0-1"
"lmtest","0.9-40"
"magrittr","2.0.5"
"markdown","2.0"
"MASS","7.3-65"
"Matrix","1.7-5"
"methods","4.6.0"
"mgcv","1.9-4"
"microbenchmark","1.5.0"
"minqa","1.2.8"
"modelr","0.1.11"
"MQMF","0.1.5"
"mvtnorm","1.3-7"
"ncdf4","1.24"
"nlme","3.1-169"
"nloptr","2.2.1"
"nnet","7.3-20"
"numDeriv","2016.8-1.1"
"parallel","4.6.0"
"patchwork","1.3.2"
"pbkrtest","0.5.5"
"pillar","1.11.1"
"pkgconfig","2.0.3"
"plyr","1.8.9"
"png","0.1-9"
"prettyunits","1.2.0"
"progress","1.2.3"
"proxy","0.4-29"
"purrr","1.2.2"
"R2jags","0.8-9"
"R2WinBUGS","2.1-24"
"R6","2.6.1"
"ragg","1.5.2"
"rbibutils","2.4.1"
"RColorBrewer","1.1-3"
"Rcpp","1.1.1-1.1"
"RcppArmadillo","15.2.6-1"
"RcppEigen","0.3.4.0.2"
"Rdpack","2.6.6"
"readr","2.2.0"
"reformulas","0.4.4"
"renv","1.2.4"
"reshape2","1.4.5"
"rjags","4-17"
"rlang","1.2.0"
"rpart","4.1.27"
"s2","1.1.9"
"S7","0.2.2"
"sandwich","3.1-1"
"scales","1.4.0"
"sdmTMB","1.0.0"
"sf","1.1-1"
"showtext","0.9-8"
"showtextdb","3.0"
"sp","2.2-1"
"spatial","7.3-18"
"splancs","2.01-45"
"splines","4.6.0"
"statmod","1.5.2"
"stats","4.6.0"
"stats4","4.6.0"
"stringi","1.8.7"
"stringr","1.6.0"
"survival","3.8-6"
"sysfonts","0.8.9"
"systemfonts","1.3.2"
"tcltk","4.6.0"
"terra","1.9-27"
"textshaping","1.0.5"
"tibble","3.3.1"
"tidyr","1.3.2"
"tidyselect","1.2.1"
"timeDate","4052.112"
"TMB","1.9.21"
"tools","4.6.0"
"tzdb","0.5.0"
"units","1.0-1"
"urca","1.3-4"
"utf8","1.2.6"
"utils","4.6.0"
"vctrs","0.7.3"
"viridis","0.6.5"
"viridisLite","0.4.3"
"vroom","1.7.1"
"withr","3.0.2"
"wk","0.9.5"
"xfun","0.59"
"xml2","1.6.0"
"zoo","1.8-15"
