"run_id","start_id","parameter","initial","estimate"
"ACL-1-1",1,"log_init_Z",-0.693147180559945,-0.712402116089755
"ACL-1-1",1,"mean_log_R",6.00361704314049,5.62911808695725
"ACL-1-1",1,"log_std_log_R",-1.6094379124341,-1.54713563024412
"ACL-1-1",1,"mean_log_F",-1.20397280432594,-1.09639223223305
"ACL-1-1",1,"log_std_index",-2.30258509299405,-2.31911885193264
"ACL-1-1",2,"log_init_Z",-0.643408229370864,-0.712402942242058
"ACL-1-1",2,"mean_log_R",5.9679578803121,5.62911740302172
"ACL-1-1",2,"log_std_log_R",-1.63664845113471,-1.54713511531268
"ACL-1-1",2,"mean_log_F",-1.11730619739289,-1.09639317774418
"ACL-1-1",2,"log_std_index",-2.52683859374162,-2.31911908111181
"ACL-1-1",3,"log_init_Z",-0.60207986005679,-0.712403510970094
"ACL-1-1",3,"mean_log_R",5.88420827057236,5.62911720854683
"ACL-1-1",3,"log_std_log_R",-1.53742548739107,-1.54713579022186
"ACL-1-1",3,"mean_log_F",-1.45959389290308,-1.09639316581908
"ACL-1-1",3,"log_std_index",-2.36438249559302,-2.31911906726977
"ACL-1-1",4,"log_init_Z",-0.777927362787764,-0.712403364899878
"ACL-1-1",4,"mean_log_R",6.02377765626229,5.62911790565992
"ACL-1-1",4,"log_std_log_R",-1.72138175298134,-1.5471348150823
"ACL-1-1",4,"mean_log_F",-1.08987372206652,-1.0963943304862
"ACL-1-1",4,"log_std_index",-2.38287830326401,-2.31911919612342
"ACL-1-2",1,"log_init_Z",-0.693147180559945,-0.712402116089755
"ACL-1-2",1,"mean_log_R",6.00361704314049,5.62911808695725
"ACL-1-2",1,"log_std_log_R",-1.6094379124341,-1.54713563024412
"ACL-1-2",1,"mean_log_F",-1.20397280432594,-1.09639223223305
"ACL-1-2",1,"log_std_index",-2.30258509299405,-2.31911885193264
"ACL-1-2",2,"log_init_Z",-0.643408229370864,-0.712402942242058
"ACL-1-2",2,"mean_log_R",5.9679578803121,5.62911740302172
"ACL-1-2",2,"log_std_log_R",-1.63664845113471,-1.54713511531268
"ACL-1-2",2,"mean_log_F",-1.11730619739289,-1.09639317774418
"ACL-1-2",2,"log_std_index",-2.52683859374162,-2.31911908111181
"ACL-1-2",3,"log_init_Z",-0.60207986005679,-0.712403510970094
"ACL-1-2",3,"mean_log_R",5.88420827057236,5.62911720854683
"ACL-1-2",3,"log_std_log_R",-1.53742548739107,-1.54713579022186
"ACL-1-2",3,"mean_log_F",-1.45959389290308,-1.09639316581908
"ACL-1-2",3,"log_std_index",-2.36438249559302,-2.31911906726977
"ACL-1-2",4,"log_init_Z",-0.777927362787764,-0.712403364899878
"ACL-1-2",4,"mean_log_R",6.02377765626229,5.62911790565992
"ACL-1-2",4,"log_std_log_R",-1.72138175298134,-1.5471348150823
"ACL-1-2",4,"mean_log_F",-1.08987372206652,-1.0963943304862
"ACL-1-2",4,"log_std_index",-2.38287830326401,-2.31911919612342
"ACL-1-4",1,"log_init_Z",-0.693147180559945,-0.712402116089755
"ACL-1-4",1,"mean_log_R",6.00361704314049,5.62911808695725
"ACL-1-4",1,"log_std_log_R",-1.6094379124341,-1.54713563024412
"ACL-1-4",1,"mean_log_F",-1.20397280432594,-1.09639223223305
"ACL-1-4",1,"log_std_index",-2.30258509299405,-2.31911885193264
"ACL-1-4",2,"log_init_Z",-0.643408229370864,-0.712402942242058
"ACL-1-4",2,"mean_log_R",5.9679578803121,5.62911740302172
"ACL-1-4",2,"log_std_log_R",-1.63664845113471,-1.54713511531268
"ACL-1-4",2,"mean_log_F",-1.11730619739289,-1.09639317774418
"ACL-1-4",2,"log_std_index",-2.52683859374162,-2.31911908111181
"ACL-1-4",3,"log_init_Z",-0.60207986005679,-0.712403510970094
"ACL-1-4",3,"mean_log_R",5.88420827057236,5.62911720854683
"ACL-1-4",3,"log_std_log_R",-1.53742548739107,-1.54713579022186
"ACL-1-4",3,"mean_log_F",-1.45959389290308,-1.09639316581908
"ACL-1-4",3,"log_std_index",-2.36438249559302,-2.31911906726977
"ACL-1-4",4,"log_init_Z",-0.777927362787764,-0.712403364899878
"ACL-1-4",4,"mean_log_R",6.02377765626229,5.62911790565992
"ACL-1-4",4,"log_std_log_R",-1.72138175298134,-1.5471348150823
"ACL-1-4",4,"mean_log_F",-1.08987372206652,-1.0963943304862
"ACL-1-4",4,"log_std_index",-2.38287830326401,-2.31911919612342
"ALSCL-1-1",1,"log_init_Z",-0.693147180559945,-0.860721519941588
"ALSCL-1-1",1,"mean_log_R",6.00361704314049,5.69970732225316
"ALSCL-1-1",1,"log_sigma_log_R",0,-1.67704099400429
"ALSCL-1-1",1,"mean_log_F",-1.20397280432594,-1.17309836460517
"ALSCL-1-1",1,"log_sigma_index",-2.30258509299405,-1.78347700319005
"ALSCL-1-1",2,"log_init_Z",-0.643408229370864,-0.860721682725386
"ALSCL-1-1",2,"mean_log_R",5.9679578803121,5.69970716548801
"ALSCL-1-1",2,"log_sigma_log_R",-0.0272105387006062,-1.67703932329516
"ALSCL-1-1",2,"mean_log_F",-1.11730619739289,-1.17309835551246
"ALSCL-1-1",2,"log_sigma_index",-2.52683859374162,-1.78347654322967
"ALSCL-1-1",3,"log_init_Z",-0.60207986005679,-0.860721809389662
"ALSCL-1-1",3,"mean_log_R",5.88420827057236,5.69970707744702
"ALSCL-1-1",3,"log_sigma_log_R",0.0720124250430305,-1.67704019806783
"ALSCL-1-1",3,"mean_log_F",-1.45959389290308,-1.17309837704883
"ALSCL-1-1",3,"log_sigma_index",-2.36438249559302,-1.78347666302516
"ALSCL-1-1",4,"log_init_Z",-0.777927362787764,-0.860721972486711
"ALSCL-1-1",4,"mean_log_R",6.02377765626229,5.69970711971647
"ALSCL-1-1",4,"log_sigma_log_R",-0.111943840547243,-1.67703923377337
"ALSCL-1-1",4,"mean_log_F",-1.08987372206652,-1.17309850808183
"ALSCL-1-1",4,"log_sigma_index",-2.38287830326401,-1.7834766765633
"ALSCL-1-2",1,"log_init_Z",-0.693147180559945,-0.860721519941588
"ALSCL-1-2",1,"mean_log_R",6.00361704314049,5.69970732225316
"ALSCL-1-2",1,"log_sigma_log_R",0,-1.67704099400429
"ALSCL-1-2",1,"mean_log_F",-1.20397280432594,-1.17309836460517
"ALSCL-1-2",1,"log_sigma_index",-2.30258509299405,-1.78347700319005
"ALSCL-1-2",2,"log_init_Z",-0.643408229370864,-0.860721682725386
"ALSCL-1-2",2,"mean_log_R",5.9679578803121,5.69970716548801
"ALSCL-1-2",2,"log_sigma_log_R",-0.0272105387006062,-1.67703932329516
"ALSCL-1-2",2,"mean_log_F",-1.11730619739289,-1.17309835551246
"ALSCL-1-2",2,"log_sigma_index",-2.52683859374162,-1.78347654322967
"ALSCL-1-2",3,"log_init_Z",-0.60207986005679,-0.860721809389662
"ALSCL-1-2",3,"mean_log_R",5.88420827057236,5.69970707744702
"ALSCL-1-2",3,"log_sigma_log_R",0.0720124250430305,-1.67704019806783
"ALSCL-1-2",3,"mean_log_F",-1.45959389290308,-1.17309837704883
"ALSCL-1-2",3,"log_sigma_index",-2.36438249559302,-1.78347666302516
"ALSCL-1-2",4,"log_init_Z",-0.777927362787764,-0.860721972486711
"ALSCL-1-2",4,"mean_log_R",6.02377765626229,5.69970711971647
"ALSCL-1-2",4,"log_sigma_log_R",-0.111943840547243,-1.67703923377337
"ALSCL-1-2",4,"mean_log_F",-1.08987372206652,-1.17309850808183
"ALSCL-1-2",4,"log_sigma_index",-2.38287830326401,-1.7834766765633
"ALSCL-1-4",1,"log_init_Z",-0.693147180559945,-0.860721519941588
"ALSCL-1-4",1,"mean_log_R",6.00361704314049,5.69970732225316
"ALSCL-1-4",1,"log_sigma_log_R",0,-1.67704099400429
"ALSCL-1-4",1,"mean_log_F",-1.20397280432594,-1.17309836460517
"ALSCL-1-4",1,"log_sigma_index",-2.30258509299405,-1.78347700319005
"ALSCL-1-4",2,"log_init_Z",-0.643408229370864,-0.860721682725386
"ALSCL-1-4",2,"mean_log_R",5.9679578803121,5.69970716548801
"ALSCL-1-4",2,"log_sigma_log_R",-0.0272105387006062,-1.67703932329516
"ALSCL-1-4",2,"mean_log_F",-1.11730619739289,-1.17309835551246
"ALSCL-1-4",2,"log_sigma_index",-2.52683859374162,-1.78347654322967
"ALSCL-1-4",3,"log_init_Z",-0.60207986005679,-0.860721809389662
"ALSCL-1-4",3,"mean_log_R",5.88420827057236,5.69970707744702
"ALSCL-1-4",3,"log_sigma_log_R",0.0720124250430305,-1.67704019806783
"ALSCL-1-4",3,"mean_log_F",-1.45959389290308,-1.17309837704883
"ALSCL-1-4",3,"log_sigma_index",-2.36438249559302,-1.78347666302516
"ALSCL-1-4",4,"log_init_Z",-0.777927362787764,-0.860721972486711
"ALSCL-1-4",4,"mean_log_R",6.02377765626229,5.69970711971647
"ALSCL-1-4",4,"log_sigma_log_R",-0.111943840547243,-1.67703923377337
"ALSCL-1-4",4,"mean_log_F",-1.08987372206652,-1.17309850808183
"ALSCL-1-4",4,"log_sigma_index",-2.38287830326401,-1.7834766765633
"ALSCL-2-2",1,"log_init_Z",-0.693147180559945,-0.860721519941588
"ALSCL-2-2",1,"mean_log_R",6.00361704314049,5.69970732225316
"ALSCL-2-2",1,"log_sigma_log_R",0,-1.67704099400429
"ALSCL-2-2",1,"mean_log_F",-1.20397280432594,-1.17309836460517
"ALSCL-2-2",1,"log_sigma_index",-2.30258509299405,-1.78347700319005
"ALSCL-2-2",2,"log_init_Z",-0.643408229370864,-0.860721682725386
"ALSCL-2-2",2,"mean_log_R",5.9679578803121,5.69970716548801
"ALSCL-2-2",2,"log_sigma_log_R",-0.0272105387006062,-1.67703932329516
"ALSCL-2-2",2,"mean_log_F",-1.11730619739289,-1.17309835551246
"ALSCL-2-2",2,"log_sigma_index",-2.52683859374162,-1.78347654322967
"ALSCL-2-2",3,"log_init_Z",-0.60207986005679,-0.860721809389662
"ALSCL-2-2",3,"mean_log_R",5.88420827057236,5.69970707744702
"ALSCL-2-2",3,"log_sigma_log_R",0.0720124250430305,-1.67704019806783
"ALSCL-2-2",3,"mean_log_F",-1.45959389290308,-1.17309837704883
"ALSCL-2-2",3,"log_sigma_index",-2.36438249559302,-1.78347666302516
"ALSCL-2-2",4,"log_init_Z",-0.777927362787764,-0.860721972486711
"ALSCL-2-2",4,"mean_log_R",6.02377765626229,5.69970711971647
"ALSCL-2-2",4,"log_sigma_log_R",-0.111943840547243,-1.67703923377337
"ALSCL-2-2",4,"mean_log_F",-1.08987372206652,-1.17309850808183
"ALSCL-2-2",4,"log_sigma_index",-2.38287830326401,-1.7834766765633
"ALSCL-2-4",1,"log_init_Z",-0.693147180559945,-0.860721519941588
"ALSCL-2-4",1,"mean_log_R",6.00361704314049,5.69970732225316
"ALSCL-2-4",1,"log_sigma_log_R",0,-1.67704099400429
"ALSCL-2-4",1,"mean_log_F",-1.20397280432594,-1.17309836460517
"ALSCL-2-4",1,"log_sigma_index",-2.30258509299405,-1.78347700319005
"ALSCL-2-4",2,"log_init_Z",-0.643408229370864,-0.860721682725386
"ALSCL-2-4",2,"mean_log_R",5.9679578803121,5.69970716548801
"ALSCL-2-4",2,"log_sigma_log_R",-0.0272105387006062,-1.67703932329516
"ALSCL-2-4",2,"mean_log_F",-1.11730619739289,-1.17309835551246
"ALSCL-2-4",2,"log_sigma_index",-2.52683859374162,-1.78347654322967
"ALSCL-2-4",3,"log_init_Z",-0.60207986005679,-0.860721809389662
"ALSCL-2-4",3,"mean_log_R",5.88420827057236,5.69970707744702
"ALSCL-2-4",3,"log_sigma_log_R",0.0720124250430305,-1.67704019806783
"ALSCL-2-4",3,"mean_log_F",-1.45959389290308,-1.17309837704883
"ALSCL-2-4",3,"log_sigma_index",-2.36438249559302,-1.78347666302516
"ALSCL-2-4",4,"log_init_Z",-0.777927362787764,-0.860721972486711
"ALSCL-2-4",4,"mean_log_R",6.02377765626229,5.69970711971647
"ALSCL-2-4",4,"log_sigma_log_R",-0.111943840547243,-1.67703923377337
"ALSCL-2-4",4,"mean_log_F",-1.08987372206652,-1.17309850808183
"ALSCL-2-4",4,"log_sigma_index",-2.38287830326401,-1.7834766765633
"ALSCL-2-1",1,"log_init_Z",-0.693147180559945,-0.860721519941588
"ALSCL-2-1",1,"mean_log_R",6.00361704314049,5.69970732225316
"ALSCL-2-1",1,"log_sigma_log_R",0,-1.67704099400429
"ALSCL-2-1",1,"mean_log_F",-1.20397280432594,-1.17309836460517
"ALSCL-2-1",1,"log_sigma_index",-2.30258509299405,-1.78347700319005
"ALSCL-2-1",2,"log_init_Z",-0.643408229370864,-0.860721682725386
"ALSCL-2-1",2,"mean_log_R",5.9679578803121,5.69970716548801
"ALSCL-2-1",2,"log_sigma_log_R",-0.0272105387006062,-1.67703932329516
"ALSCL-2-1",2,"mean_log_F",-1.11730619739289,-1.17309835551246
"ALSCL-2-1",2,"log_sigma_index",-2.52683859374162,-1.78347654322967
"ALSCL-2-1",3,"log_init_Z",-0.60207986005679,-0.860721809389662
"ALSCL-2-1",3,"mean_log_R",5.88420827057236,5.69970707744702
"ALSCL-2-1",3,"log_sigma_log_R",0.0720124250430305,-1.67704019806783
"ALSCL-2-1",3,"mean_log_F",-1.45959389290308,-1.17309837704883
"ALSCL-2-1",3,"log_sigma_index",-2.36438249559302,-1.78347666302516
"ALSCL-2-1",4,"log_init_Z",-0.777927362787764,-0.860721972486711
"ALSCL-2-1",4,"mean_log_R",6.02377765626229,5.69970711971647
"ALSCL-2-1",4,"log_sigma_log_R",-0.111943840547243,-1.67703923377337
"ALSCL-2-1",4,"mean_log_F",-1.08987372206652,-1.17309850808183
"ALSCL-2-1",4,"log_sigma_index",-2.38287830326401,-1.7834766765633
"ACL-2-2",1,"log_init_Z",-0.693147180559945,-0.712402116089755
"ACL-2-2",1,"mean_log_R",6.00361704314049,5.62911808695725
"ACL-2-2",1,"log_std_log_R",-1.6094379124341,-1.54713563024412
"ACL-2-2",1,"mean_log_F",-1.20397280432594,-1.09639223223305
"ACL-2-2",1,"log_std_index",-2.30258509299405,-2.31911885193264
"ACL-2-2",2,"log_init_Z",-0.643408229370864,-0.712402942242058
"ACL-2-2",2,"mean_log_R",5.9679578803121,5.62911740302172
"ACL-2-2",2,"log_std_log_R",-1.63664845113471,-1.54713511531268
"ACL-2-2",2,"mean_log_F",-1.11730619739289,-1.09639317774418
"ACL-2-2",2,"log_std_index",-2.52683859374162,-2.31911908111181
"ACL-2-2",3,"log_init_Z",-0.60207986005679,-0.712403510970094
"ACL-2-2",3,"mean_log_R",5.88420827057236,5.62911720854683
"ACL-2-2",3,"log_std_log_R",-1.53742548739107,-1.54713579022186
"ACL-2-2",3,"mean_log_F",-1.45959389290308,-1.09639316581908
"ACL-2-2",3,"log_std_index",-2.36438249559302,-2.31911906726977
"ACL-2-2",4,"log_init_Z",-0.777927362787764,-0.712403364899878
"ACL-2-2",4,"mean_log_R",6.02377765626229,5.62911790565992
"ACL-2-2",4,"log_std_log_R",-1.72138175298134,-1.5471348150823
"ACL-2-2",4,"mean_log_F",-1.08987372206652,-1.0963943304862
"ACL-2-2",4,"log_std_index",-2.38287830326401,-2.31911919612342
"ACL-2-4",1,"log_init_Z",-0.693147180559945,-0.712402116089755
"ACL-2-4",1,"mean_log_R",6.00361704314049,5.62911808695725
"ACL-2-4",1,"log_std_log_R",-1.6094379124341,-1.54713563024412
"ACL-2-4",1,"mean_log_F",-1.20397280432594,-1.09639223223305
"ACL-2-4",1,"log_std_index",-2.30258509299405,-2.31911885193264
"ACL-2-4",2,"log_init_Z",-0.643408229370864,-0.712402942242058
"ACL-2-4",2,"mean_log_R",5.9679578803121,5.62911740302172
"ACL-2-4",2,"log_std_log_R",-1.63664845113471,-1.54713511531268
"ACL-2-4",2,"mean_log_F",-1.11730619739289,-1.09639317774418
"ACL-2-4",2,"log_std_index",-2.52683859374162,-2.31911908111181
"ACL-2-4",3,"log_init_Z",-0.60207986005679,-0.712403510970094
"ACL-2-4",3,"mean_log_R",5.88420827057236,5.62911720854683
"ACL-2-4",3,"log_std_log_R",-1.53742548739107,-1.54713579022186
"ACL-2-4",3,"mean_log_F",-1.45959389290308,-1.09639316581908
"ACL-2-4",3,"log_std_index",-2.36438249559302,-2.31911906726977
"ACL-2-4",4,"log_init_Z",-0.777927362787764,-0.712403364899878
"ACL-2-4",4,"mean_log_R",6.02377765626229,5.62911790565992
"ACL-2-4",4,"log_std_log_R",-1.72138175298134,-1.5471348150823
"ACL-2-4",4,"mean_log_F",-1.08987372206652,-1.0963943304862
"ACL-2-4",4,"log_std_index",-2.38287830326401,-2.31911919612342
"ACL-2-1",1,"log_init_Z",-0.693147180559945,-0.712402116089755
"ACL-2-1",1,"mean_log_R",6.00361704314049,5.62911808695725
"ACL-2-1",1,"log_std_log_R",-1.6094379124341,-1.54713563024412
"ACL-2-1",1,"mean_log_F",-1.20397280432594,-1.09639223223305
"ACL-2-1",1,"log_std_index",-2.30258509299405,-2.31911885193264
"ACL-2-1",2,"log_init_Z",-0.643408229370864,-0.712402942242058
"ACL-2-1",2,"mean_log_R",5.9679578803121,5.62911740302172
"ACL-2-1",2,"log_std_log_R",-1.63664845113471,-1.54713511531268
"ACL-2-1",2,"mean_log_F",-1.11730619739289,-1.09639317774418
"ACL-2-1",2,"log_std_index",-2.52683859374162,-2.31911908111181
"ACL-2-1",3,"log_init_Z",-0.60207986005679,-0.712403510970094
"ACL-2-1",3,"mean_log_R",5.88420827057236,5.62911720854683
"ACL-2-1",3,"log_std_log_R",-1.53742548739107,-1.54713579022186
"ACL-2-1",3,"mean_log_F",-1.45959389290308,-1.09639316581908
"ACL-2-1",3,"log_std_index",-2.36438249559302,-2.31911906726977
"ACL-2-1",4,"log_init_Z",-0.777927362787764,-0.712403364899878
"ACL-2-1",4,"mean_log_R",6.02377765626229,5.62911790565992
"ACL-2-1",4,"log_std_log_R",-1.72138175298134,-1.5471348150823
"ACL-2-1",4,"mean_log_F",-1.08987372206652,-1.0963943304862
"ACL-2-1",4,"log_std_index",-2.38287830326401,-2.31911919612342
"ACL-3-4",1,"log_init_Z",-0.693147180559945,-0.712402116089755
"ACL-3-4",1,"mean_log_R",6.00361704314049,5.62911808695725
"ACL-3-4",1,"log_std_log_R",-1.6094379124341,-1.54713563024412
"ACL-3-4",1,"mean_log_F",-1.20397280432594,-1.09639223223305
"ACL-3-4",1,"log_std_index",-2.30258509299405,-2.31911885193264
"ACL-3-4",2,"log_init_Z",-0.643408229370864,-0.712402942242058
"ACL-3-4",2,"mean_log_R",5.9679578803121,5.62911740302172
"ACL-3-4",2,"log_std_log_R",-1.63664845113471,-1.54713511531268
"ACL-3-4",2,"mean_log_F",-1.11730619739289,-1.09639317774418
"ACL-3-4",2,"log_std_index",-2.52683859374162,-2.31911908111181
"ACL-3-4",3,"log_init_Z",-0.60207986005679,-0.712403510970094
"ACL-3-4",3,"mean_log_R",5.88420827057236,5.62911720854683
"ACL-3-4",3,"log_std_log_R",-1.53742548739107,-1.54713579022186
"ACL-3-4",3,"mean_log_F",-1.45959389290308,-1.09639316581908
"ACL-3-4",3,"log_std_index",-2.36438249559302,-2.31911906726977
"ACL-3-4",4,"log_init_Z",-0.777927362787764,-0.712403364899878
"ACL-3-4",4,"mean_log_R",6.02377765626229,5.62911790565992
"ACL-3-4",4,"log_std_log_R",-1.72138175298134,-1.5471348150823
"ACL-3-4",4,"mean_log_F",-1.08987372206652,-1.0963943304862
"ACL-3-4",4,"log_std_index",-2.38287830326401,-2.31911919612342
"ACL-3-1",1,"log_init_Z",-0.693147180559945,-0.712402116089755
"ACL-3-1",1,"mean_log_R",6.00361704314049,5.62911808695725
"ACL-3-1",1,"log_std_log_R",-1.6094379124341,-1.54713563024412
"ACL-3-1",1,"mean_log_F",-1.20397280432594,-1.09639223223305
"ACL-3-1",1,"log_std_index",-2.30258509299405,-2.31911885193264
"ACL-3-1",2,"log_init_Z",-0.643408229370864,-0.712402942242058
"ACL-3-1",2,"mean_log_R",5.9679578803121,5.62911740302172
"ACL-3-1",2,"log_std_log_R",-1.63664845113471,-1.54713511531268
"ACL-3-1",2,"mean_log_F",-1.11730619739289,-1.09639317774418
"ACL-3-1",2,"log_std_index",-2.52683859374162,-2.31911908111181
"ACL-3-1",3,"log_init_Z",-0.60207986005679,-0.712403510970094
"ACL-3-1",3,"mean_log_R",5.88420827057236,5.62911720854683
"ACL-3-1",3,"log_std_log_R",-1.53742548739107,-1.54713579022186
"ACL-3-1",3,"mean_log_F",-1.45959389290308,-1.09639316581908
"ACL-3-1",3,"log_std_index",-2.36438249559302,-2.31911906726977
"ACL-3-1",4,"log_init_Z",-0.777927362787764,-0.712403364899878
"ACL-3-1",4,"mean_log_R",6.02377765626229,5.62911790565992
"ACL-3-1",4,"log_std_log_R",-1.72138175298134,-1.5471348150823
"ACL-3-1",4,"mean_log_F",-1.08987372206652,-1.0963943304862
"ACL-3-1",4,"log_std_index",-2.38287830326401,-2.31911919612342
"ACL-3-2",1,"log_init_Z",-0.693147180559945,-0.712402116089755
"ACL-3-2",1,"mean_log_R",6.00361704314049,5.62911808695725
"ACL-3-2",1,"log_std_log_R",-1.6094379124341,-1.54713563024412
"ACL-3-2",1,"mean_log_F",-1.20397280432594,-1.09639223223305
"ACL-3-2",1,"log_std_index",-2.30258509299405,-2.31911885193264
"ACL-3-2",2,"log_init_Z",-0.643408229370864,-0.712402942242058
"ACL-3-2",2,"mean_log_R",5.9679578803121,5.62911740302172
"ACL-3-2",2,"log_std_log_R",-1.63664845113471,-1.54713511531268
"ACL-3-2",2,"mean_log_F",-1.11730619739289,-1.09639317774418
"ACL-3-2",2,"log_std_index",-2.52683859374162,-2.31911908111181
"ACL-3-2",3,"log_init_Z",-0.60207986005679,-0.712403510970094
"ACL-3-2",3,"mean_log_R",5.88420827057236,5.62911720854683
"ACL-3-2",3,"log_std_log_R",-1.53742548739107,-1.54713579022186
"ACL-3-2",3,"mean_log_F",-1.45959389290308,-1.09639316581908
"ACL-3-2",3,"log_std_index",-2.36438249559302,-2.31911906726977
"ACL-3-2",4,"log_init_Z",-0.777927362787764,-0.712403364899878
"ACL-3-2",4,"mean_log_R",6.02377765626229,5.62911790565992
"ACL-3-2",4,"log_std_log_R",-1.72138175298134,-1.5471348150823
"ACL-3-2",4,"mean_log_F",-1.08987372206652,-1.0963943304862
"ACL-3-2",4,"log_std_index",-2.38287830326401,-2.31911919612342
"ALSCL-3-4",1,"log_init_Z",-0.693147180559945,-0.860721519941588
"ALSCL-3-4",1,"mean_log_R",6.00361704314049,5.69970732225316
"ALSCL-3-4",1,"log_sigma_log_R",0,-1.67704099400429
"ALSCL-3-4",1,"mean_log_F",-1.20397280432594,-1.17309836460517
"ALSCL-3-4",1,"log_sigma_index",-2.30258509299405,-1.78347700319005
"ALSCL-3-4",2,"log_init_Z",-0.643408229370864,-0.860721682725386
"ALSCL-3-4",2,"mean_log_R",5.9679578803121,5.69970716548801
"ALSCL-3-4",2,"log_sigma_log_R",-0.0272105387006062,-1.67703932329516
"ALSCL-3-4",2,"mean_log_F",-1.11730619739289,-1.17309835551246
"ALSCL-3-4",2,"log_sigma_index",-2.52683859374162,-1.78347654322967
"ALSCL-3-4",3,"log_init_Z",-0.60207986005679,-0.860721809389662
"ALSCL-3-4",3,"mean_log_R",5.88420827057236,5.69970707744702
"ALSCL-3-4",3,"log_sigma_log_R",0.0720124250430305,-1.67704019806783
"ALSCL-3-4",3,"mean_log_F",-1.45959389290308,-1.17309837704883
"ALSCL-3-4",3,"log_sigma_index",-2.36438249559302,-1.78347666302516
"ALSCL-3-4",4,"log_init_Z",-0.777927362787764,-0.860721972486711
"ALSCL-3-4",4,"mean_log_R",6.02377765626229,5.69970711971647
"ALSCL-3-4",4,"log_sigma_log_R",-0.111943840547243,-1.67703923377337
"ALSCL-3-4",4,"mean_log_F",-1.08987372206652,-1.17309850808183
"ALSCL-3-4",4,"log_sigma_index",-2.38287830326401,-1.7834766765633
"ALSCL-3-1",1,"log_init_Z",-0.693147180559945,-0.860721519941588
"ALSCL-3-1",1,"mean_log_R",6.00361704314049,5.69970732225316
"ALSCL-3-1",1,"log_sigma_log_R",0,-1.67704099400429
"ALSCL-3-1",1,"mean_log_F",-1.20397280432594,-1.17309836460517
"ALSCL-3-1",1,"log_sigma_index",-2.30258509299405,-1.78347700319005
"ALSCL-3-1",2,"log_init_Z",-0.643408229370864,-0.860721682725386
"ALSCL-3-1",2,"mean_log_R",5.9679578803121,5.69970716548801
"ALSCL-3-1",2,"log_sigma_log_R",-0.0272105387006062,-1.67703932329516
"ALSCL-3-1",2,"mean_log_F",-1.11730619739289,-1.17309835551246
"ALSCL-3-1",2,"log_sigma_index",-2.52683859374162,-1.78347654322967
"ALSCL-3-1",3,"log_init_Z",-0.60207986005679,-0.860721809389662
"ALSCL-3-1",3,"mean_log_R",5.88420827057236,5.69970707744702
"ALSCL-3-1",3,"log_sigma_log_R",0.0720124250430305,-1.67704019806783
"ALSCL-3-1",3,"mean_log_F",-1.45959389290308,-1.17309837704883
"ALSCL-3-1",3,"log_sigma_index",-2.36438249559302,-1.78347666302516
"ALSCL-3-1",4,"log_init_Z",-0.777927362787764,-0.860721972486711
"ALSCL-3-1",4,"mean_log_R",6.02377765626229,5.69970711971647
"ALSCL-3-1",4,"log_sigma_log_R",-0.111943840547243,-1.67703923377337
"ALSCL-3-1",4,"mean_log_F",-1.08987372206652,-1.17309850808183
"ALSCL-3-1",4,"log_sigma_index",-2.38287830326401,-1.7834766765633
"ALSCL-3-2",1,"log_init_Z",-0.693147180559945,-0.860721519941588
"ALSCL-3-2",1,"mean_log_R",6.00361704314049,5.69970732225316
"ALSCL-3-2",1,"log_sigma_log_R",0,-1.67704099400429
"ALSCL-3-2",1,"mean_log_F",-1.20397280432594,-1.17309836460517
"ALSCL-3-2",1,"log_sigma_index",-2.30258509299405,-1.78347700319005
"ALSCL-3-2",2,"log_init_Z",-0.643408229370864,-0.860721682725386
"ALSCL-3-2",2,"mean_log_R",5.9679578803121,5.69970716548801
"ALSCL-3-2",2,"log_sigma_log_R",-0.0272105387006062,-1.67703932329516
"ALSCL-3-2",2,"mean_log_F",-1.11730619739289,-1.17309835551246
"ALSCL-3-2",2,"log_sigma_index",-2.52683859374162,-1.78347654322967
"ALSCL-3-2",3,"log_init_Z",-0.60207986005679,-0.860721809389662
"ALSCL-3-2",3,"mean_log_R",5.88420827057236,5.69970707744702
"ALSCL-3-2",3,"log_sigma_log_R",0.0720124250430305,-1.67704019806783
"ALSCL-3-2",3,"mean_log_F",-1.45959389290308,-1.17309837704883
"ALSCL-3-2",3,"log_sigma_index",-2.36438249559302,-1.78347666302516
"ALSCL-3-2",4,"log_init_Z",-0.777927362787764,-0.860721972486711
"ALSCL-3-2",4,"mean_log_R",6.02377765626229,5.69970711971647
"ALSCL-3-2",4,"log_sigma_log_R",-0.111943840547243,-1.67703923377337
"ALSCL-3-2",4,"mean_log_F",-1.08987372206652,-1.17309850808183
"ALSCL-3-2",4,"log_sigma_index",-2.38287830326401,-1.7834766765633
