"run_id","model","repetition","ncores","nstarts","elapsed_seconds","worker_cpu_seconds","optimization_span_seconds","unique_pids","peak_concurrent_starts","objective","convergence","gradient","pdHess","bound_hit","failed_starts","max_objective_diff","max_biomass_relative_diff","same_initial","started_at"
"ACL-1-1","ACL",1,1,4,4.439,3.289,3.83214402198792,1,1,-171.41511459115,0,3.11635660601439e-05,TRUE,FALSE,0,0,0,TRUE,1791419679.12632
"ACL-1-2","ACL",1,2,4,3.504,3.291,1.95820999145508,2,2,-171.41511459115,0,3.11635660601439e-05,TRUE,FALSE,0,0,0,TRUE,1791419683.82238
"ACL-1-4","ACL",1,4,4,2.926,3.424,1.00641894340515,4,4,-171.41511459115,0,3.11635660601439e-05,TRUE,FALSE,0,0,0,TRUE,1791419687.61072
"ALSCL-1-1","ALSCL",1,1,4,71.384,58.249,62.5301539897919,1,1,-30.088785339527,0,6.44105410151086e-05,TRUE,FALSE,0,0,0,TRUE,1791419690.7671
"ALSCL-1-2","ALSCL",1,2,4,50.999,61.608,40.5238168239594,2,2,-30.088785339527,0,6.44105410151086e-05,TRUE,FALSE,0,0,0,TRUE,1791419762.42835
"ALSCL-1-4","ALSCL",1,4,4,33.952,69.069,22.1180160045624,4,4,-30.088785339527,0,6.44105410151086e-05,TRUE,FALSE,0,0,0,TRUE,1791419813.70466
"ALSCL-2-2","ALSCL",2,2,4,45.03,60.705,34.9633660316467,2,2,-30.088785339527,0,6.44105410151086e-05,TRUE,FALSE,0,0,0,TRUE,1791419847.8782
"ALSCL-2-4","ALSCL",2,4,4,31.207,66.503,19.5888969898224,4,4,-30.088785339527,0,6.44105410151086e-05,TRUE,FALSE,0,0,0,TRUE,1791419893.13797
"ALSCL-2-1","ALSCL",2,1,4,72.346,58.842,64.0096101760864,1,1,-30.088785339527,0,6.44105410151086e-05,TRUE,FALSE,0,0,0,TRUE,1791419924.60101
"ACL-2-2","ACL",2,2,4,3.26600000000002,3.288,1.81823587417603,2,2,-171.41511459115,0,3.11635660601439e-05,TRUE,FALSE,0,0,0,TRUE,1791419997.22685
"ACL-2-4","ACL",2,4,4,3.07599999999996,3.8,1.11824202537537,4,4,-171.41511459115,0,3.11635660601439e-05,TRUE,FALSE,0,0,0,TRUE,1791420000.71182
"ACL-2-1","ACL",2,1,4,4.18400000000003,3.33300000000002,3.64885520935059,1,1,-171.41511459115,0,3.11635660601439e-05,TRUE,FALSE,0,0,0,TRUE,1791420004.04376
"ACL-3-4","ACL",3,4,4,3.142,3.807,1.1189489364624,4,4,-171.41511459115,0,3.11635660601439e-05,TRUE,FALSE,0,0,0,TRUE,1791420008.50617
"ACL-3-1","ACL",3,1,4,4.22999999999996,3.33399999999998,3.62531495094299,1,1,-171.41511459115,0,3.11635660601439e-05,TRUE,FALSE,0,0,0,TRUE,1791420011.90798
"ACL-3-2","ACL",3,2,4,3.90499999999997,3.34,2.39339399337769,2,2,-171.41511459115,0,3.11635660601439e-05,TRUE,FALSE,0,0,0,TRUE,1791420016.39766
"ALSCL-3-4","ALSCL",3,4,4,33.231,70.042,21.3520381450653,4,4,-30.088785339527,0,6.44105410151086e-05,TRUE,FALSE,0,0,0,TRUE,1791420020.55515
"ALSCL-3-1","ALSCL",3,1,4,71.28,58.766,63.3367109298706,1,1,-30.088785339527,0,6.44105410151086e-05,TRUE,FALSE,0,0,0,TRUE,1791420054.05062
"ALSCL-3-2","ALSCL",3,2,4,44.555,60.976,34.7465908527374,2,2,-30.088785339527,0,6.44105410151086e-05,TRUE,FALSE,0,0,0,TRUE,1791420125.59752
