"run_id","model","ncores","start_id","pid","started_at","finished_at","elapsed","cpu_seconds","objective","convergence"
"ACL-1-1","ACL",1,1,7321,1791419679.21596,1791419680.20869,0.992999999999999,0.865000000000001,-171.415114590929,0
"ACL-1-1","ACL",1,2,7321,1791419680.20871,1791419681.09206,0.883000000000003,0.843000000000001,-171.415114591009,0
"ACL-1-1","ACL",1,3,7321,1791419681.09215,1791419682.08122,0.988999999999997,0.808,-171.41511459102,0
"ACL-1-1","ACL",1,4,7321,1791419682.08129,1791419683.04811,0.967000000000002,0.773,-171.41511459093,0
"ACL-1-2","ACL",2,1,7636,1791419684.90204,1791419685.84304,0.941,0.876,-171.415114590929,0
"ACL-1-2","ACL",2,2,7636,1791419685.84307,1791419686.86025,1.017,0.856,-171.415114591009,0
"ACL-1-2","ACL",2,3,7635,1791419684.90229,1791419685.89591,0.993,0.82,-171.41511459102,0
"ACL-1-2","ACL",2,4,7635,1791419685.89598,1791419686.78776,0.891,0.739,-171.41511459093,0
"ACL-1-4","ACL",4,1,7669,1791419689.05481,1791419690.06123,1.006,0.956,-171.415114590929,0
"ACL-1-4","ACL",4,2,7670,1791419689.05545,1791419690.06004,1.005,0.892,-171.415114591009,0
"ACL-1-4","ACL",4,3,7672,1791419689.05562,1791419689.97392,0.919,0.798,-171.41511459102,0
"ACL-1-4","ACL",4,4,7671,1791419689.0561,1791419689.93819,0.882,0.778,-171.41511459093,0
"ALSCL-1-1","ALSCL",1,1,7321,1791419690.91946,1791419707.44659,16.527,15.231,-30.0887853397262,0
"ALSCL-1-1","ALSCL",1,2,7321,1791419707.44661,1791419724.16526,16.718,15.824,-30.0887853397469,0
"ALSCL-1-1","ALSCL",1,3,7321,1791419724.16536,1791419738.27272,14.108,13.264,-30.0887853396664,0
"ALSCL-1-1","ALSCL",1,4,7321,1791419738.27279,1791419753.44961,15.177,13.93,-30.0887853397259,0
"ALSCL-1-2","ALSCL",2,1,8112,1791419764.32607,1791419784.44377,20.117,15.968,-30.0887853397262,0
"ALSCL-1-2","ALSCL",2,2,8112,1791419784.44379,1791419804.84946,20.406,16.74,-30.0887853397469,0
"ALSCL-1-2","ALSCL",2,3,8113,1791419764.32565,1791419782.32813,18.003,14.299,-30.0887853396664,0
"ALSCL-1-2","ALSCL",2,4,8113,1791419782.32821,1791419801.28005,18.952,14.601,-30.0887853397259,0
"ALSCL-1-4","ALSCL",4,1,8672,1791419817.39643,1791419838.78338,21.387,18.475,-30.0887853397262,0
"ALSCL-1-4","ALSCL",4,2,8671,1791419817.39659,1791419839.51445,22.118,19.158,-30.0887853397469,0
"ALSCL-1-4","ALSCL",4,3,8673,1791419817.39706,1791419834.48763,17.09,14.5,-30.0887853396664,0
"ALSCL-1-4","ALSCL",4,4,8674,1791419817.39686,1791419837.01702,19.62,16.936,-30.0887853397259,0
"ALSCL-2-2","ALSCL",2,1,8750,1791419849.81163,1791419866.81079,16.999,15.798,-30.0887853397262,0
"ALSCL-2-2","ALSCL",2,2,8750,1791419866.81081,1791419884.775,17.965,16.565,-30.0887853397469,0
"ALSCL-2-2","ALSCL",2,3,8751,1791419849.81172,1791419865.13752,15.326,13.908,-30.0887853396664,0
"ALSCL-2-2","ALSCL",2,4,8751,1791419865.13759,1791419880.82374,15.686,14.434,-30.0887853397259,0
"ALSCL-2-4","ALSCL",4,1,8867,1791419896.61728,1791419915.39859,18.782,17.427,-30.0887853397262,0
"ALSCL-2-4","ALSCL",4,2,8865,1791419896.61786,1791419916.20617,19.588,18.067,-30.0887853397469,0
"ALSCL-2-4","ALSCL",4,3,8866,1791419896.61785,1791419913.59957,16.981,15.301,-30.0887853396664,0
"ALSCL-2-4","ALSCL",4,4,8864,1791419896.62166,1791419914.09512,17.474,15.708,-30.0887853397259,0
"ALSCL-2-1","ALSCL",1,1,7321,1791419924.74734,1791419941.02795,16.281,15.137,-30.0887853397262,0
"ALSCL-2-1","ALSCL",1,2,7321,1791419941.02797,1791419958.49591,17.468,16.108,-30.0887853397469,0
"ALSCL-2-1","ALSCL",1,3,7321,1791419958.49599,1791419973.2447,14.749,13.506,-30.0887853396664,0
"ALSCL-2-1","ALSCL",1,4,7321,1791419973.24477,1791419988.75695,15.512,14.091,-30.0887853397259,0
"ACL-2-2","ACL",2,1,9039,1791419998.20916,1791419999.11594,0.906,0.871,-171.415114590929,0
"ACL-2-2","ACL",2,2,9039,1791419999.11596,1791420000.02739,0.912,0.875,-171.415114591009,0
"ACL-2-2","ACL",2,3,9040,1791419998.2095,1791419999.06079,0.851,0.789,-171.41511459102,0
"ACL-2-2","ACL",2,4,9040,1791419999.06086,1791419999.9146,0.854,0.753,-171.41511459093,0
"ACL-2-4","ACL",4,1,9073,1791420002.25053,1791420003.3686,1.118,0.986,-171.415114590929,0
"ACL-2-4","ACL",4,2,9074,1791420002.25053,1791420003.34218,1.092,1.002,-171.415114591009,0
"ACL-2-4","ACL",4,3,9072,1791420002.25061,1791420003.26807,1.018,0.905,-171.41511459102,0
"ACL-2-4","ACL",4,4,9075,1791420002.25036,1791420003.28438,1.034,0.907,-171.41511459093,0
"ACL-2-1","ACL",1,1,7321,1791420004.13255,1791420005.12205,0.988999999999976,0.887000000000003,-171.415114590929,0
"ACL-2-1","ACL",1,2,7321,1791420005.12208,1791420006.02153,0.899999999999977,0.869000000000013,-171.415114591009,0
"ACL-2-1","ACL",1,3,7321,1791420006.02164,1791420006.95902,0.937000000000012,0.821999999999991,-171.41511459102,0
"ACL-2-1","ACL",1,4,7321,1791420006.9591,1791420007.7814,0.822000000000003,0.755000000000009,-171.41511459093,0
"ACL-3-4","ACL",4,1,9157,1791420009.98177,1791420011.04097,1.059,0.967,-171.415114590929,0
"ACL-3-4","ACL",4,2,9156,1791420009.98232,1791420011.10072,1.118,1.002,-171.415114591009,0
"ACL-3-4","ACL",4,3,9158,1791420009.98232,1791420010.99656,1.014,0.932,-171.41511459102,0
"ACL-3-4","ACL",4,4,9159,1791420009.98245,1791420010.9747,0.993,0.906,-171.41511459093,0
"ACL-3-1","ACL",1,1,7321,1791420011.99267,1791420012.92372,0.93100000000004,0.866999999999984,-171.415114590929,0
"ACL-3-1","ACL",1,2,7321,1791420012.92374,1791420013.96192,1.03799999999995,0.923000000000013,-171.415114591009,0
"ACL-3-1","ACL",1,3,7321,1791420013.962,1791420014.81253,0.850999999999999,0.79000000000001,-171.41511459102,0
"ACL-3-1","ACL",1,4,7321,1791420014.81261,1791420015.61799,0.805000000000007,0.753999999999976,-171.41511459093,0
"ACL-3-2","ACL",2,1,9223,1791420017.46311,1791420018.76466,1.301,0.923,-171.415114590929,0
"ACL-3-2","ACL",2,2,9223,1791420018.76468,1791420019.8565,1.092,0.877,-171.415114591009,0
"ACL-3-2","ACL",2,3,9222,1791420017.46325,1791420018.5002,1.037,0.813,-171.41511459102,0
"ACL-3-2","ACL",2,4,9222,1791420018.50027,1791420019.35218,0.852,0.727,-171.41511459093,0
"ALSCL-3-4","ALSCL",4,1,9254,1791420023.9418,1791420044.51545,20.574,18.183,-30.0887853397262,0
"ALSCL-3-4","ALSCL",4,2,9253,1791420023.94233,1791420045.29384,21.351,18.977,-30.0887853397469,0
"ALSCL-3-4","ALSCL",4,3,9255,1791420023.94263,1791420042.40515,18.463,16.366,-30.0887853396664,0
"ALSCL-3-4","ALSCL",4,4,9256,1791420023.94274,1791420042.70079,18.758,16.516,-30.0887853397259,0
"ALSCL-3-1","ALSCL",1,1,7321,1791420054.16207,1791420070.64287,16.481,15.205,-30.0887853397262,0
"ALSCL-3-1","ALSCL",1,2,7321,1791420070.64292,1791420088.49158,17.849,16.259,-30.0887853397469,0
"ALSCL-3-1","ALSCL",1,3,7321,1791420088.49172,1791420102.83097,14.339,13.44,-30.0887853396664,0
"ALSCL-3-1","ALSCL",1,4,7321,1791420102.83104,1791420117.49878,14.668,13.862,-30.0887853397259,0
"ALSCL-3-2","ALSCL",2,1,9414,1791420127.33811,1791420144.58704,17.248,15.926,-30.0887853397262,0
"ALSCL-3-2","ALSCL",2,2,9414,1791420144.58712,1791420162.0847,17.497,16.63,-30.0887853397469,0
"ALSCL-3-2","ALSCL",2,3,9413,1791420127.33816,1791420142.39338,15.055,14.021,-30.0887853396664,0
"ALSCL-3-2","ALSCL",2,4,9413,1791420142.39345,1791420157.72113,15.328,14.399,-30.0887853397259,0
