"Age","Length"
1,13.4540523452613
1,9.58273910817581
1,11.4383922736427
1,11.9778606608901
1,11.52067209725
2,19.4342605079825
2,22.6695535350433
2,19.4571914633393
2,23.6833569679195
2,19.5210813420606
3,29.5710956749415
3,31.5346471518967
3,24.1836349642698
3,26.4037788328598
3,26.6947136937072
4,34.2221472134051
4,32.3817405744328
4,27.6373355754554
4,28.0693125601139
4,35.5904731087254
5,37.2402576904766
5,34.2909180106735
5,37.5097001671143
5,40.2828842769787
5,41.6439218011635
6,41.007069669956
6,41.3534691676305
6,38.3416817627788
6,42.7882026428309
6,40.5880181812481
7,46.0656807268014
7,46.5644551547766
7,47.2249875242588
7,43.9369277295045
7,46.1646907269149
8,44.4117448848969
8,46.2768442262846
8,46.1439470546905
8,43.0173469431503
8,47.9180074568281
9,50.4609489685587
9,49.3268371710609
9,51.5652782395573
9,48.5955421140051
9,47.3123896793196
10,52.7184068390063
10,50.2299844348555
10,54.7409733106714
10,50.9898783820022
10,53.1640665540333
11,53.9734634215368
11,51.7619350093682
11,56.4810679307129
11,54.6154115025636
11,53.5091341843282
12,55.0918504336153
12,55.8973265711429
12,54.7184147121905
12,48.5525687727265
12,55.1085148460937
13,54.7942365206241
13,55.8991669358372
13,56.692353260837
13,58.3281794606914
13,54.0741216871571
14,58.9442992014883
14,57.0109101769041
14,58.4162261347952
14,58.1806710739813
14,57.7809702631337
15,54.9165639929744
15,56.8224290968887
15,58.2498381941092
15,55.0957551545654
15,55.9171442409624
